PlayerClean,PlayerHeadshotURL,LookupDisplayName,GSIS_ID,ESPN_ID,NFL_ID,LookupPosition,LatestTeam,RookieSeason,LastSeason,Status,DatasetNames,DatasetTeams,DatasetPositions
A.J. Brown,"https://static.www.nfl.com/image/private/f_auto,q_auto/league/a014sgzctarbvhwb35lw",A.J. Brown,00-0035676,4047646,47834,WR,PHI,2019,2026,ACT,A.J. Brown; A.J. Brown 24,PHI,WR
A.T. Perry,"https://static.www.nfl.com/image/upload/f_auto,q_auto/league/ctnvhmwcin0vif2gunca",A.T. Perry,00-0038612,4362019,56060,WR,PIT,2023,2026,ACT,A.T. Perry,NO,WR
AJ Barner,"https://static.www.nfl.com/image/upload/f_auto,q_auto/league/ul77k5rqbqzd5zzqsaea",AJ Barner,00-0039793,4576297,57242,TE,SEA,2024,2026,ACT,AJ Barner; AJ Barner 24,SEA,TE
AJ Dillon,"https://static.www.nfl.com/image/upload/f_auto,q_auto/league/nknt5pckn5mzq9ll660i",AJ Dillon,00-0036265,4239934,52470,RB,CAR,2020,2026,ACT,AJ Dillon,GB,RB
Aaron Jones,"https://static.www.nfl.com/image/upload/f_auto,q_auto/league/bktkfvgfwujkdbzkcfim",Aaron Jones,00-0033293,3042519,44995,RB,MIN,2017,2026,ACT,Aaron Jones; Aaron Jones 24,GB; MIN,RB
Adam Thielen,"https://static.www.nfl.com/image/upload/f_auto,q_auto/league/pv6gajxtt6zhum2unnsl",Adam Thielen,00-0030035,16460,40488,WR,PIT,2013,2025,ACT,Adam Thielen; Adam Thielen 24,CAR; PIT,WR
Adam Trautman,"https://static.www.nfl.com/image/upload/f_auto,q_auto/league/ck9dspk0ykijetdshyn4",Adam Trautman,00-0036422,3911853,52513,TE,DEN,2020,2026,ACT,Adam Trautman; Adam Trautman 24,DEN,TE
Adonai Mitchell,"https://static.www.nfl.com/image/upload/f_auto,q_auto/league/hwwacoa3pqapd7pgahfx",Adonai Mitchell,00-0039890,4597500,57173,WR,NYJ,2024,2026,ACT,Adonai Mitchell; Adonai Mitchell 24,IND; NYJ,WR
Alec Pierce,"https://static.www.nfl.com/image/upload/f_auto,q_auto/league/zeghrjc8rir3r3zi6det",Alec Pierce,00-0037664,4360078,54518,WR,IND,2022,2026,ACT,Alec Pierce; Alec Pierce 24,IND,WR
Alex Erickson,"https://static.www.nfl.com/image/private/f_auto,q_auto/league/tnd77vbkyo8srrrkaisu",Alex Erickson,00-0032543,2977800,43663,WR,HOU,2016,2024,DEV,Alex Erickson,LAC,WR
Alexander Mattison,"https://static.www.nfl.com/image/upload/f_auto,q_auto/league/mbcaep8diu9yuo3qrtiz",Alexander Mattison,00-0034972,4048244,47885,RB,MIA,2019,2026,UFA,Alexander Mattison; Alexander Mattison 24,LV; MIN,RB
Allen Lazard,"https://static.www.nfl.com/image/upload/f_auto,q_auto/league/b05f33npu1zjtpozfgdk",Allen Lazard,00-0034521,3128390,46705,WR,NYJ,2018,2025,CUT,Allen Lazard; Allen Lazard 24,NYJ,WR
Allen Robinson,"https://static.www.nfl.com/image/upload/f_auto,q_auto/league/fyukft9lraurbsq0laom",Allen Robinson,00-0031428,16799,41290,WR,DET,2014,2024,ACT,Allen Robinson,PIT,WR
Alvin Kamara,"https://static.www.nfl.com/image/upload/f_auto,q_auto/league/uay6uo9lonegelngihki",Alvin Kamara,00-0033906,3054850,44879,RB,NO,2017,2026,ACT,Alvin Kamara; Alvin Kamara 24,NO,RB
Amari Cooper,"https://static.www.nfl.com/image/upload/f_auto,q_auto/league/zmtzqznqui37unmo5xv9",Amari Cooper,00-0031544,2976499,42347,WR,BUF,2015,2024,ACT,Amari Cooper; Amari Cooper 24,BUF; CLV,WR
Ameer Abdullah,"https://static.www.nfl.com/image/upload/f_auto,q_auto/league/jvkgnlj5fn16mnmdyr4i",Ameer Abdullah,00-0032104,2576336,42397,RB,JAX,2015,2026,ACT,Ameer Abdullah; Ameer Abdullah 24,LV,RB
Amon-Ra St. Brown,"https://static.www.nfl.com/image/upload/f_auto,q_auto/league/fd8nwhm6pvxfyzphzl6i",Amon-Ra St. Brown,00-0036963,4374302,53541,WR,DET,2021,2026,ACT,Amon-Ra St. Brown; Amon-Ra St. Brown 24,DET,WR
Andrei Iosivas,"https://static.www.nfl.com/image/upload/f_auto,q_auto/league/zvanfldklpds1gp08bsp",Andrei Iosivas,00-0038619,4368003,56071,WR,CIN,2023,2026,ACT,Andrei Iosivas; Andrei Iosivas 24,CIN,WR
Andrew Ogletree,"https://static.www.nfl.com/image/upload/f_auto,q_auto/league/gw6pbughf5gdn2sm189f",Andrew Ogletree,00-0037292,4722908,54657,TE,IND,2022,2026,ACT,Andrew Ogletree; Andrew Ogletree 24,IND,TE
Anthony Firkser,"https://static.www.nfl.com/image/upload/f_auto,q_auto/league/rpbs9wsnuhu9tgipzwuv",Anthony Firkser,00-0033455,3049698,45355,TE,DET,2017,2026,UFA,Anthony Firkser,DET,TE
Antonio Gibson,"https://static.www.nfl.com/image/upload/f_auto,q_auto/league/j7ixpkm7u4tdoqwzmbt4",Antonio Gibson,00-0036328,4360294,52474,RB,NE,2020,2026,UFA,Antonio Gibson; Antonio Gibson 24,NE; WAS,RB
Arian Smith,"https://static.www.nfl.com/image/upload/f_auto,q_auto/league/asywvwrn6zhlidxothqn",Arian Smith,00-0040582,4429105,58315,WR,NYJ,2025,2026,ACT,Arian Smith,NYJ,WR
Ashton Jeanty,"https://static.www.nfl.com/image/upload/f_auto,q_auto/league/syspis1mntov9kgspb7r",Ashton Jeanty,00-0040122,4890973,58208,RB,LV,2025,2026,ACT,Ashton Jeanty,LV,RB
Audric Estimé,"https://static.www.nfl.com/image/upload/f_auto,q_auto/league/lcoend1mysjfhl8f4rrt",Audric Estimé,00-0039373,4569682,57268,RB,NO,2024,2026,ACT,Audric Estimé; Audric Estimé 24,DEN; NO,RB
Austin Ekeler,"https://static.www.nfl.com/image/upload/f_auto,q_auto/league/sldndpn2zwt4uhkj2zks",Austin Ekeler,00-0033699,3068267,45573,RB,WAS,2017,2026,UFA,Austin Ekeler; Austin Ekeler 24,LAC; WAS,RB
Austin Hooper,"https://static.www.nfl.com/image/upload/f_auto,q_auto/league/gfvav2gybtr174ckovpk",Austin Hooper,00-0032392,3043275,43370,TE,ATL,2016,2026,ACT,Austin Hooper; Austin Hooper 24,LV; NE,TE
Bam Knight,"https://static.www.nfl.com/image/upload/f_auto,q_auto/league/mjxnlzlnnwlfqayeybut",Bam Knight,00-0037157,4427728,54835,RB,AZ,2022,2026,ACT,Bam Knight,ARZ,RB
Ben Sinnott,"https://static.www.nfl.com/image/upload/f_auto,q_auto/league/zwjmu9wyutlpkace9ukf",Ben Sinnott,00-0039912,4690923,57174,TE,WAS,2024,2026,ACT,Ben Sinnott 24,WAS,TE
Bhayshul Tuten,"https://static.www.nfl.com/image/upload/f_auto,q_auto/league/uf6bidyfjeemrlgsibiz",Bhayshul Tuten,00-0040719,4882093,58309,RB,JAX,2025,2026,ACT,Bhayshul Tuten,JAX,RB
Bijan Robinson,"https://static.www.nfl.com/image/upload/f_auto,q_auto/league/rjaf9auhx3lrktzgwpfb",Bijan Robinson,00-0038542,4430807,55872,RB,ATL,2023,2026,ACT,Bijan Robinson; Bijan Robinson 24,ATL,RB
Blake Corum,"https://static.www.nfl.com/image/upload/f_auto,q_auto/league/gytdgnrjj3jk8rlfxz85",Blake Corum,00-0039738,4429096,57204,RB,LA,2024,2026,ACT,Blake Corum; Blake Corum 24,LA,RB
Blake Whiteheart,"https://static.www.nfl.com/image/upload/f_auto,q_auto/league/senw8edxu2ovkg1dbdxs",Blake Whiteheart,00-0038710,4362018,56400,TE,CLE,2023,2026,ACT,Blake Whiteheart,CLV,TE
Braelon Allen,"https://static.www.nfl.com/image/upload/f_auto,q_auto/league/pdaa8u0x2qepyklabdr3",Braelon Allen,00-0039794,4685247,57255,RB,NYJ,2024,2026,ACT,Braelon Allen 24,NYJ,RB
Brandin Cooks,"https://static.www.nfl.com/image/upload/f_auto,q_auto/league/krz3gv9jjs92arlctvqf",Brandin Cooks,00-0031236,16731,41246,WR,BUF,2014,2026,UFA,Brandin Cooks; Brandin Cooks 24,BUF; DAL,WR
Brandon Aiyuk,"https://static.www.nfl.com/image/upload/f_auto,q_auto/league/avzzxycxyculxxqce5k7",Brandon Aiyuk,00-0036261,4360438,52433,WR,SF,2020,2026,ACT,Brandon Aiyuk; Brandon Aiyuk 24,SF,WR
Brandon Johnson,"https://static.www.nfl.com/image/upload/f_auto,q_auto/league/pjdx1jdr9snczoeyevli",Brandon Johnson,00-0037382,4035198,54967,WR,PIT,2022,2026,ACT,Brandon Johnson,DEN,WR
Brandon Powell,"https://static.www.nfl.com/image/upload/f_auto,q_auto/league/kpggzzkazhxoq4e77xho",Brandon Powell,00-0034646,3115255,46830,WR,MIN,2018,2024,ACT,Brandon Powell; Brandon Powell 24,MIN,WR
Braxton Berrios,"https://static.www.nfl.com/image/upload/f_auto,q_auto/league/striwxmn9t0ixherw7l8",Braxton Berrios,00-0034419,3123075,46279,WR,HOU,2018,2026,UFA,Braxton Berrios,MIA,WR
Breece Hall,"https://static.www.nfl.com/image/upload/f_auto,q_auto/league/m3dviruymtm2wl2zcpmr",Breece Hall,00-0038120,4427366,54501,RB,NYJ,2022,2026,ACT,Breece Hall; Breece Hall 24,NYJ,RB
Brenton Strange,"https://static.www.nfl.com/image/upload/f_auto,q_auto/league/yabpcvadjlrkxzducv7k",Brenton Strange,00-0038935,4430539,55926,TE,JAX,2023,2026,ACT,Brenton Strange; Brenton Strange 24,JAX,TE
Brevin Jordan,"https://static.www.nfl.com/image/upload/f_auto,q_auto/league/ypyec24t4prirebsdcg4",Brevin Jordan,00-0036556,4362504,53576,TE,HOU,2021,2026,ACT,Brevin Jordan,HST,TE
Brevyn Spann-Ford,"https://static.www.nfl.com/image/upload/f_auto,q_auto/league/tsblwzvfsxuvohhfagls",Brevyn Spann-Ford,00-0039530,4360967,57649,TE,DAL,2024,2026,ACT,Brevyn Spann-Ford 24,DAL,TE
Brian Robinson,"https://static.www.nfl.com/image/upload/f_auto,q_auto/league/n1xhex1ytisxcbcggqu7",Brian Robinson,00-0037746,4241474,54563,RB,ATL,2022,2026,ACT,Brian Robinson; Brian Robinson 24,SF; WAS,RB
Brian Thomas Jr.,"https://static.www.nfl.com/image/upload/f_auto,q_auto/league/plnekkriys4cm11rnxwl",Brian Thomas Jr.,00-0039893,4432773,57144,WR,JAX,2024,2026,ACT,Brian Thomas Jr.; Brian Thomas Jr. 24,JAX,WR
Brock Bowers,"https://static.www.nfl.com/image/upload/f_auto,q_auto/league/uzp2ffi0lomamxofsrhy",Brock Bowers,00-0039338,4432665,57134,TE,LV,2024,2026,ACT,Brock Bowers; Brock Bowers 24,LV,TE
Brock Wright,"https://static.www.nfl.com/image/upload/f_auto,q_auto/league/bd8sqnzheg7zetlhvku5",Brock Wright,00-0036754,4242392,53959,TE,DET,2021,2026,ACT,Brock Wright; Brock Wright 24,DET,TE
Brycen Tremayne,"https://static.www.nfl.com/image/upload/f_auto,q_auto/league/mpjkirsgrx6qavqrdum6",Brycen Tremayne,00-0038840,4360763,56560,WR,CAR,2023,2026,ACT,Brycen Tremayne,CAR,WR
Bucky Irving,"https://static.www.nfl.com/image/upload/f_auto,q_auto/league/hmgpumoxwhvrrkcjuuuw",Bucky Irving,00-0039361,4596448,57246,RB,TB,2024,2026,ACT,Bucky Irving; Bucky Irving 24,TB,RB
Byron Pringle,"https://static.www.nfl.com/image/upload/f_auto,q_auto/league/qo8a5r4rspevt1rlq8r0",Byron Pringle,00-0034297,4036416,46522,WR,WAS,2018,2023,ACT,Byron Pringle,WAS,WR
C.J. Uzomah,"https://static.www.nfl.com/image/private/f_auto,q_auto/league/hnkflpl5pzbfbdvtcv1c",C.J. Uzomah,00-0032134,2574576,42500,TE,PHI,2015,2024,RSR,C.J. Uzomah,NYJ,TE
Cade Otton,"https://static.www.nfl.com/image/upload/f_auto,q_auto/league/dlgxvfpnufpnxkvu1ynb",Cade Otton,00-0038129,4243331,54571,TE,TB,2022,2026,ACT,Cade Otton; Cade Otton 24,TB,TE
Cade Stover,"https://static.www.nfl.com/image/upload/f_auto,q_auto/league/ltjwprbwuy9dtyz1dg7y",Cade Stover,00-0039359,4426496,57244,TE,HOU,2024,2026,ACT,Cade Stover 24,HST,TE
Calvin Austin III,"https://static.www.nfl.com/image/private/f_auto,q_auto/league/qlt6ztqcbu0uzad6aavt",Calvin Austin III,00-0037837,4243389,54603,WR,NYG,2022,2026,ACT,Calvin Austin III; Calvin Austin III 24,PIT,WR
Calvin Ridley,"https://static.www.nfl.com/image/upload/f_auto,q_auto/league/l96rlegwqz7qfakbdtlp",Calvin Ridley,00-0034837,3925357,46095,WR,TEN,2018,2026,ACT,Calvin Ridley; Calvin Ridley 24,JAX; TEN,WR
Cam Akers,"https://static.www.nfl.com/image/upload/f_auto,q_auto/league/dutj0wamu7giwghnmr4m",Cam Akers,00-0036414,4240021,52460,RB,SEA,2020,2026,UFA,Cam Akers; Cam Akers 24,MIN,RB
Cam Skattebo,"https://static.www.nfl.com/image/upload/f_auto,q_auto/league/vnftthkbvw7ucsqtqjpq",Cam Skattebo,00-0040715,4696981,58310,RB,NYG,2025,2026,ACT,Cam Skattebo,NYG,RB
Carson Steele,"https://static.www.nfl.com/image/upload/f_auto,q_auto/league/fafuydt7skhufescqhxv",Carson Steele,00-0039325,4714365,57479,RB,PHI,2024,2026,ACT,Carson Steele 24,KC,RB
Cedric Tillman,"https://static.www.nfl.com/image/upload/f_auto,q_auto/league/a4mcdjjl1pkxr3etechx",Cedric Tillman,00-0038979,4369863,55939,WR,CLE,2023,2026,ACT,Cedric Tillman; Cedric Tillman 24,CLV,WR
Cedrick Wilson Jr.,"https://static.www.nfl.com/image/upload/f_auto,q_auto/league/cf6fmi91zijiovftx9qk",Cedrick Wilson Jr.,00-0034418,4036335,46277,WR,DET,2018,2026,ACT,Cedrick Wilson Jr.; Cedrick Wilson Jr. 24,MIA; NO,WR
CeeDee Lamb,"https://static.www.nfl.com/image/upload/f_auto,q_auto/league/ijxzvtumjhqu3zva1bwc",CeeDee Lamb,00-0036358,4241389,52425,WR,DAL,2020,2026,ACT,CeeDee Lamb; CeeDee Lamb 24,DAL,WR
Charlie Kolar,"https://static.www.nfl.com/image/upload/f_auto,q_auto/league/g75ws8vkqz9cqwifhcy7",Charlie Kolar,00-0038046,4241263,54593,TE,LAC,2022,2026,ACT,Charlie Kolar,BLT,TE
Charlie Woerner,"https://static.www.nfl.com/image/upload/f_auto,q_auto/league/tflwxcx2ohrc6e8j0n5a",Charlie Woerner,00-0036429,4035020,52598,TE,ATL,2020,2026,ACT,Charlie Woerner; Charlie Woerner 24,ATL; SF,TE
Chase Brown,"https://static.www.nfl.com/image/upload/f_auto,q_auto/league/pv3sq3uzosixxexbznq5",Chase Brown,00-0038597,4362238,56028,RB,CIN,2023,2026,ACT,Chase Brown; Chase Brown 24,CIN,RB
Chase Claypool,"https://static.www.nfl.com/image/upload/f_auto,q_auto/league/intpee5tvgt6rhzxhquc",Chase Claypool,00-0036326,4046692,52457,WR,MIA,2020,2023,ACT,Chase Claypool,MIA,WR
Chig Okonkwo,"https://static.www.nfl.com/image/upload/f_auto,q_auto/league/omm5z5iq6dlmidqz1sgz",Chig Okonkwo,00-0037809,4360635,54608,TE,WAS,2022,2026,ACT,Chig Okonkwo; Chig Okonkwo 24,TEN,TE
Chimere Dike,"https://static.www.nfl.com/image/upload/f_auto,q_auto/league/njdduv9jx7c8vlrll8ex",Chimere Dike,00-0040705,4431268,58308,WR,TEN,2025,2026,ACT,Chimere Dike,TEN,WR
Chris Brooks,"https://static.www.nfl.com/image/upload/f_auto,q_auto/league/nnwloijqopel4em6vfhb",Chris Brooks,00-0038685,3149687,56375,RB,GB,2023,2026,ACT,Chris Brooks,GB,RB
Chris Conley,"https://static.www.nfl.com/image/upload/f_auto,q_auto/league/mr4h7vx02uwpr7xlfk6y",Chris Conley,00-0032128,2578533,42419,WR,SF,2015,2024,ACT,Chris Conley 24,SF,WR
Chris Godwin Jr.,"https://static.www.nfl.com/image/upload/f_auto,q_auto/league/ilkheljdx4hbjpisulke",Chris Godwin Jr.,00-0033921,3116165,44896,WR,TB,2017,2026,ACT,Chris Godwin Jr.; Chris Godwin Jr. 24,TB,WR
Chris Manhertz,"https://static.www.nfl.com/image/upload/f_auto,q_auto/league/azx76rspzgxfogsqhxet",Chris Manhertz,00-0031484,4071345,42302,TE,NYG,2015,2026,ACT,Chris Manhertz; Chris Manhertz 24,DEN; NYG,TE
Chris Moore,"https://static.www.nfl.com/image/upload/f_auto,q_auto/league/o0s29hnpztyxqotqdx8h",Chris Moore,00-0032398,2576581,43396,WR,WAS,2016,2026,UFA,Chris Moore,TEN; WAS,WR
Chris Olave,"https://static.www.nfl.com/image/upload/f_auto,q_auto/league/vrrmyvpvujynckag9jop",Chris Olave,00-0037239,4361370,54476,WR,NO,2022,2026,ACT,Chris Olave; Chris Olave 24,NO,WR
Chris Rodriguez Jr.,"https://static.www.nfl.com/image/upload/f_auto,q_auto/league/z5nbh1nza9je683o17h1",Chris Rodriguez Jr.,00-0038611,4362619,56058,RB,JAX,2023,2026,ACT,Chris Rodriguez Jr.,WAS,RB
Christian Kirk,"https://static.www.nfl.com/image/upload/f_auto,q_auto/league/bugikrmfz5k4jvyaogza",Christian Kirk,00-0034775,3895856,46116,WR,SF,2018,2026,ACT,Christian Kirk; Christian Kirk 24,HST; JAX,WR
Christian McCaffrey,"https://static.www.nfl.com/image/upload/f_auto,q_auto/league/resjdwihunsqckohcorj",Christian McCaffrey,00-0033280,3117251,44820,RB,SF,2017,2026,ACT,Christian McCaffrey; Christian McCaffrey 24,SF,RB
Christian Watson,"https://static.www.nfl.com/image/upload/f_auto,q_auto/league/syljognztlbghfeqyqn1",Christian Watson,00-0038124,4248528,54499,WR,GB,2022,2026,ACT,Christian Watson; Christian Watson 24,GB,WR
Chuba Hubbard,"https://static.www.nfl.com/image/upload/f_auto,q_auto/league/pjgml85ghq7oa48dctn7",Chuba Hubbard,00-0036555,4241416,53555,RB,CAR,2021,2026,ACT,Chuba Hubbard; Chuba Hubbard 24,CAR,RB
Clyde Edwards-Helaire,"https://static.www.nfl.com/image/upload/f_auto,q_auto/league/er6tfnyxampiwn74zrui",Clyde Edwards-Helaire,00-0036360,4242214,52440,RB,KC,2020,2025,DEV,Clyde Edwards-Helaire,KC,RB
Colby Parkinson,"https://static.www.nfl.com/image/upload/f_auto,q_auto/league/b1qzivnz0zqa8cjgah8r",Colby Parkinson,00-0036244,4242557,52541,TE,LA,2020,2026,ACT,Colby Parkinson; Colby Parkinson 24,LA; SEA,TE
Cole Kmet,"https://static.www.nfl.com/image/upload/f_auto,q_auto/league/ysnui8mzlu2fo70ub0yt",Cole Kmet,00-0036290,4258595,52451,TE,CHI,2020,2026,ACT,Cole Kmet; Cole Kmet 24,CHI,TE
Colston Loveland,"https://static.www.nfl.com/image/upload/f_auto,q_auto/league/tyjb6vfug7gaunvcune3",Colston Loveland,00-0040126,4723086,58212,TE,CHI,2025,2026,ACT,Colston Loveland,CHI,TE
Connor Heyward,"https://static.www.nfl.com/image/upload/f_auto,q_auto/league/b9bnasge2v2dtctdtqnf",Connor Heyward,00-0037304,4241961,54673,FB,LV,2022,2026,ACT,Connor Heyward,PIT,TE
Cooper Kupp,"https://static.www.nfl.com/image/upload/f_auto,q_auto/league/lpaxi9rsedlg9sdr5quw",Cooper Kupp,00-0033908,2977187,44881,WR,SEA,2017,2026,ACT,Cooper Kupp; Cooper Kupp 24,LA; SEA,WR
Cordarrelle Patterson,"https://static.www.nfl.com/image/upload/f_auto,q_auto/league/jktdrwmujfuqp94csnav",Cordarrelle Patterson,00-0030578,15807,39975,RB,PIT,2013,2024,ACT,Cordarrelle Patterson,ATL,RB
Courtland Sutton,"https://static.www.nfl.com/image/upload/f_auto,q_auto/league/r2sr6cbma4c7wc3isejj",Courtland Sutton,00-0034348,3128429,46109,WR,DEN,2018,2026,ACT,Courtland Sutton; Courtland Sutton 24,DEN,WR
Curtis Samuel,"https://static.www.nfl.com/image/upload/f_auto,q_auto/league/vyibrxegz375ntjby5zs",Curtis Samuel,00-0033282,3121427,44852,WR,BUF,2017,2026,UFA,Curtis Samuel; Curtis Samuel 24,BUF; WAS,WR
D'Andre Swift,"https://static.www.nfl.com/image/upload/f_auto,q_auto/league/owpmwzoilitcodc6cmxo",D'Andre Swift,00-0036275,4259545,52443,RB,CHI,2020,2026,ACT,D'Andre Swift; D'Andre Swift 24,CHI; PHI,RB
D'Ernest Johnson,"https://static.www.nfl.com/image/upload/f_auto,q_auto/league/gbe2eojaxid4n3pmo0rj",D'Ernest Johnson,00-0035628,3139602,47605,RB,NE,2019,2025,ACT,D'Ernest Johnson; D'Ernest Johnson 24,JAX,RB
D'Onta Foreman,"https://static.www.nfl.com/image/upload/f_auto,q_auto/league/shlxaet74pmn8arznphw",D'Onta Foreman,00-0033925,3125116,44901,RB,CLE,2017,2024,ACT,D'Onta Foreman; D'Onta Foreman 24,CHI; CLV,RB
D.J. Chark,"https://static.www.nfl.com/image/upload/f_auto,q_auto/league/skuieceh50r31ulwpo5s",DJ Chark,00-0034777,3115394,46130,WR,LAC,2018,2024,ACT,D.J. Chark,CAR,WR
DJ Moore,"https://static.www.nfl.com/image/upload/f_auto,q_auto/league/qphturmeiifnqrnf5pax",DJ Moore,00-0034827,3915416,46093,WR,BUF,2018,2026,ACT,DJ Moore; DJ Moore 24,CHI,WR
DJ Turner,"https://static.www.nfl.com/image/upload/f_auto,q_auto/league/nijmaqsa0uggtjzmpzgy",DJ Turner II,00-0038549,4572036,55925,CB,CIN,2023,2026,ACT,DJ Turner 24,LV,WR
DK Metcalf,"https://static.www.nfl.com/image/upload/f_auto,q_auto/league/tknefloqsleltfmslj2y",DK Metcalf,00-0035640,4047650,47847,WR,PIT,2019,2026,ACT,DK Metcalf; DK Metcalf 24,PIT; SEA,WR
Dallas Goedert,"https://static.www.nfl.com/image/upload/f_auto,q_auto/league/a6ljhwvkehvyiufdx3d1",Dallas Goedert,00-0034351,3121023,46118,TE,PHI,2018,2026,ACT,Dallas Goedert; Dallas Goedert 24,PHI,TE
Dalton Kincaid,"https://static.www.nfl.com/image/upload/f_auto,q_auto/league/zwkeaiecuyafkidllebz",Dalton Kincaid,00-0038933,4385690,55889,TE,BUF,2023,2026,ACT,Dalton Kincaid; Dalton Kincaid 24,BUF,TE
Dalton Schultz,"https://static.www.nfl.com/image/upload/f_auto,q_auto/league/xbl9mhuamzv5udb4hyzj",Dalton Schultz,00-0034383,3117256,46206,TE,HOU,2018,2026,ACT,Dalton Schultz; Dalton Schultz 24,HST,TE
Dalvin Cook,"https://static.www.nfl.com/image/upload/f_auto,q_auto/league/uurolop9ktcloxqh4fid",Dalvin Cook,00-0033893,3116593,44853,RB,DAL,2017,2024,DEV,Dalvin Cook,NYJ,RB
Dameon Pierce,"https://static.www.nfl.com/image/upload/f_auto,q_auto/league/lifrupicniyrosy1vj9c",Dameon Pierce,00-0037258,4360238,54572,RB,PHI,2022,2026,ACT,Dameon Pierce,HST,RB
Daniel Bellinger,"https://static.www.nfl.com/image/upload/f_auto,q_auto/league/hu3gywcwp2rlsefvawh1",Daniel Bellinger,00-0038115,4361516,54577,TE,TEN,2022,2026,ACT,Daniel Bellinger; Daniel Bellinger 24,NYG,TE
Dare Ogunbowale,"https://static.www.nfl.com/image/upload/f_auto,q_auto/league/bsm0k0jkytuiej2riudv",Dare Ogunbowale,00-0033854,2983509,45719,RB,HOU,2017,2026,UFA,Dare Ogunbowale; Dare Ogunbowale 24,HST,RB
Darius Slayton,"https://static.www.nfl.com/image/upload/f_auto,q_auto/league/fyjkvaekv40jn72d0b3q",Darius Slayton,00-0035535,3916945,47954,WR,NYG,2019,2026,ACT,Darius Slayton; Darius Slayton 24,NYG,WR
Darnell Mooney,"https://static.www.nfl.com/image/upload/f_auto,q_auto/league/eaejonwaflt9drrs9ika",Darnell Mooney,00-0036309,4040655,52581,WR,NYG,2020,2026,ACT,Darnell Mooney; Darnell Mooney 24,ATL; CHI,WR
Darnell Washington,"https://static.www.nfl.com/image/upload/f_auto,q_auto/league/nza9bxmg2tdtg7wldjct",Darnell Washington,00-0038558,4430802,55958,TE,PIT,2023,2026,ACT,Darnell Washington; Darnell Washington 24,PIT,TE
Darren Waller,"https://static.www.nfl.com/image/upload/f_auto,q_auto/league/loyehiyzcu2lexjk7plq",Darren Waller,00-0031610,2576925,42547,TE,MIA,2015,2026,UFA,Darren Waller,MIA; NYG,TE
Davante Adams,"https://static.www.nfl.com/image/upload/f_auto,q_auto/league/qtonvcqpixixqhc6lhnc",Davante Adams,00-0031381,16800,41282,WR,LA,2014,2026,ACT,Davante Adams; Davante Adams 24,LA; LV; NYJ,WR
David Bell,"https://static.www.nfl.com/image/private/f_auto,q_auto/league/otv2kkn3lxonp9z43bdj",David Bell,00-0037257,4570409,54564,WR,CLE,2022,2025,CUT,David Bell,CLV,WR
David Montgomery,"https://static.www.nfl.com/image/upload/f_auto,q_auto/league/xeb6fq4zimgkksq7uari",David Montgomery,00-0035685,4035538,47856,RB,HOU,2019,2026,ACT,David Montgomery; David Montgomery 24,DET,RB
David Moore,"https://static.www.nfl.com/image/upload/f_auto,q_auto/league/k2szy47lyxy9u5om7vd1",David Moore,00-0033589,4212909,45039,WR,CAR,2017,2026,ACT,David Moore 24,CAR,WR
David Njoku,"https://static.www.nfl.com/image/upload/f_auto,q_auto/league/gdwtgcfz3mxj6codxdpn",David Njoku,00-0033885,3123076,44841,TE,LAC,2017,2026,ACT,David Njoku; David Njoku 24,CLV,TE
David Sills,"https://static.www.nfl.com/image/upload/f_auto,q_auto/league/b0vacwlg3vcau2vzg3ry",David Sills,00-0035359,3871102,48489,WR,TB,2019,2026,ACT,David Sills,ATL,WR
Davis Allen,"https://static.www.nfl.com/image/upload/f_auto,q_auto/league/knzujvs0ge3lozkyilsf",Davis Allen,00-0039074,4426553,56040,TE,LA,2023,2026,ACT,Davis Allen; Davis Allen 24,LA,TE
Dawson Knox,"https://static.www.nfl.com/image/upload/f_auto,q_auto/league/mswln16dmfhi7m7pzh7q",Dawson Knox,00-0035689,3930086,47879,TE,BUF,2019,2026,ACT,Dawson Knox; Dawson Knox 24,BUF,TE
De'Von Achane,"https://static.www.nfl.com/image/upload/f_auto,q_auto/league/xk1xwio0bryfxo1ylweu",De'Von Achane,00-0039040,4429160,55949,RB,MIA,2023,2026,ACT,De'Von Achane; De'Von Achane 24,MIA,RB
DeAndre Hopkins,"https://static.www.nfl.com/image/upload/f_auto,q_auto/league/snvo6holyfdjmrlqxqxu",DeAndre Hopkins,00-0030564,15795,39973,WR,BAL,2013,2026,UFA,DeAndre Hopkins; DeAndre Hopkins 24,BLT; KC; TEN,WR
DeMario Douglas,"https://static.www.nfl.com/image/upload/f_auto,q_auto/league/almsm6nmovpasu8ts9u3",DeMario Douglas,00-0038621,4427095,56075,WR,NE,2023,2026,ACT,DeMario Douglas; DeMario Douglas 24,NE,WR
DeVante Parker,"https://static.www.nfl.com/image/private/f_auto,q_auto/league/beuyfjou6kckaoqqpa96",DeVante Parker,00-0031547,2576623,42357,WR,NE,2015,2023,ACT,DeVante Parker,NE,WR
DeVonta Smith,"https://static.www.nfl.com/image/upload/f_auto,q_auto/league/vj2fz8veorg1k5qthnjm",DeVonta Smith,00-0036912,4241478,53439,WR,PHI,2021,2026,ACT,DeVonta Smith; DeVonta Smith 24,PHI,WR
Deebo Samuel Sr.,"https://static.www.nfl.com/image/upload/f_auto,q_auto/league/ntgyhqg6hq7fanhhsqiw",Deebo Samuel Sr.,00-0035719,3126486,47819,WR,WAS,2019,2026,UFA,Deebo Samuel Sr.; Deebo Samuel Sr. 24,SF; WAS,WR
Demarcus Robinson,"https://static.www.nfl.com/image/upload/f_auto,q_auto/league/aynbxqjpwz1vhpxbxvv8",Demarcus Robinson,00-0032775,3043116,43415,WR,SF,2016,2026,ACT,Demarcus Robinson; Demarcus Robinson 24,LA; SF,WR
Deonte Harty,"https://static.www.nfl.com/image/upload/f_auto,q_auto/league/fh7rbtvohdkaacqaxqke",Deonte Harty,00-0035215,4411193,48415,WR,BAL,2019,2024,RSR,Deonte Harty,BUF,WR
Derrick Henry,"https://static.www.nfl.com/image/upload/f_auto,q_auto/league/jxtikemnvpkw9r0ex2wv",Derrick Henry,00-0032764,3043078,43334,RB,BAL,2016,2026,ACT,Derrick Henry; Derrick Henry 24,BLT; TEN,RB
Devaughn Vele,"https://static.www.nfl.com/image/upload/f_auto,q_auto/league/sxlrltvxbb2utwgjgdbt",Devaughn Vele,00-0039424,4569559,57355,WR,NO,2024,2026,ACT,Devaughn Vele; Devaughn Vele 24,DEN; NO,WR
Deven Thompkins,"https://static.www.nfl.com/image/private/f_auto,q_auto/league/gt0yeyl9y8s6onw8wcdr",Deven Thompkins,00-0037487,4374187,55075,WR,ATL,2022,2026,UFA,Deven Thompkins,TB,WR
Devin Duvernay,"https://static.www.nfl.com/image/upload/f_auto,q_auto/league/rhqvgqqfokrv6omkw0lg",Devin Duvernay,00-0036331,4039050,52500,WR,AZ,2020,2026,ACT,Devin Duvernay 24,JAX,WR
Devin Neal,"https://static.www.nfl.com/image/upload/f_auto,q_auto/league/e0pzghslevb27ssozx4s",Devin Neal,00-0040202,4682652,58389,RB,NO,2025,2026,ACT,Devin Neal,NO,RB
Devin Singletary,"https://static.www.nfl.com/image/upload/f_auto,q_auto/league/wqw8ee4nsxsisqb3bagw",Devin Singletary,00-0035250,4040761,47857,RB,NYG,2019,2026,ACT,Devin Singletary; Devin Singletary 24,HST; NYG,RB
Diontae Johnson,"https://static.www.nfl.com/image/upload/f_auto,q_auto/league/rjtil6ilydmwoy0btlt7",Diontae Johnson,00-0035216,3932905,47849,WR,HOU,2019,2024,CUT,Diontae Johnson; Diontae Johnson 24,HST; PIT,WR
Donald Parham,"https://static.www.nfl.com/image/upload/f_auto,q_auto/league/v4ryz7edi35hnbogbqjt",Donald Parham,00-0035329,3912092,48456,TE,PIT,2019,2026,UFA,Donald Parham,LAC,TE
Donovan Peoples-Jones,"https://static.www.nfl.com/image/upload/f_auto,q_auto/league/sgfgvm2myyrntnmiqojk",Donovan Peoples-Jones,00-0036233,4258195,52595,WR,DET,2020,2024,DEV,Donovan Peoples-Jones,DET,WR
Dont'e Thornton Jr.,"https://static.www.nfl.com/image/upload/f_auto,q_auto/league/hlxztd3lpjaxtzojuxwh",Dont'e Thornton Jr.,00-0040581,4432775,58313,WR,LV,2025,2026,ACT,Dont'e Thornton Jr.,LV,WR
Dontayvion Wicks,"https://static.www.nfl.com/image/upload/f_auto,q_auto/league/er7pbyq82nsbw1w3wyor",Dontayvion Wicks,00-0038393,4428850,56024,WR,PHI,2023,2026,ACT,Dontayvion Wicks; Dontayvion Wicks 24,GB,WR
Drake London,"https://static.www.nfl.com/image/upload/f_auto,q_auto/league/np91pvk7mczra1iyjkmo",Drake London,00-0037238,4426502,54473,WR,ATL,2022,2026,ACT,Drake London; Drake London 24,ATL,WR
Drew Sample,"https://static.www.nfl.com/image/upload/f_auto,q_auto/league/dvq8fanrbrpfgf2j3kpm",Drew Sample,00-0035631,3127310,47835,TE,CIN,2019,2026,ACT,Drew Sample; Drew Sample 24,CIN,TE
Durham Smythe,"https://static.www.nfl.com/image/upload/f_auto,q_auto/league/qmpveaqrfntryixpjqq2",Durham Smythe,00-0034798,3052897,46192,TE,BAL,2018,2026,ACT,Durham Smythe; Durham Smythe 24,CHI; MIA,TE
Dyami Brown,"https://static.www.nfl.com/image/upload/f_auto,q_auto/league/wwl9s886olkkvu67qktp",Dyami Brown,00-0036626,4361577,53511,WR,WAS,2021,2026,ACT,Dyami Brown; Dyami Brown 24,JAX; WAS,WR
Dylan Sampson,"https://static.www.nfl.com/image/upload/f_auto,q_auto/league/den1hzzomdxfcsgk88o5",Dylan Sampson,00-0040162,5081397,58331,RB,CLE,2025,2026,ACT,Dylan Sampson,CLV,RB
Elic Ayomanor,"https://static.www.nfl.com/image/upload/f_auto,q_auto/league/aekfvt5nyl69emvxr2yj",Elic Ayomanor,00-0040170,4883647,58341,WR,TEN,2025,2026,ACT,Elic Ayomanor,TEN,WR
Elijah Arroyo,"https://static.www.nfl.com/image/upload/f_auto,q_auto/league/dwlyrxi2yxowfj4abtoa",Elijah Arroyo,00-0040739,4678006,58255,TE,SEA,2025,2026,ACT,Elijah Arroyo,SEA,TE
Elijah Higgins,"https://static.www.nfl.com/image/upload/f_auto,q_auto/league/yjvdxmqromyt64w89bhq",Elijah Higgins,00-0039041,4426844,56062,TE,AZ,2023,2026,ACT,Elijah Higgins; Elijah Higgins 24,ARZ,TE
Elijah Mitchell,"https://static.www.nfl.com/image/upload/f_auto,q_auto/league/xf383ph8bz6dpp0u9lcd",Elijah Mitchell,00-0036567,4241555,53623,RB,NE,2021,2026,UFA,Elijah Mitchell,SF,RB
Elijah Moore,"https://static.www.nfl.com/image/upload/f_auto,q_auto/league/hglegw8qqnvb8fghc8cq",Elijah Moore,00-0036980,4372414,53463,WR,PHI,2021,2026,ACT,Elijah Moore; Elijah Moore 24,BUF; CLV,WR
Emanuel Wilson,"https://static.www.nfl.com/image/upload/f_auto,q_auto/league/xni9gnwmhdex7h1ey3jq",Emanuel Wilson,00-0038797,4887558,56516,RB,SEA,2023,2026,ACT,Emanuel Wilson; Emanuel Wilson 24,GB,RB
Emari Demercado,"https://static.www.nfl.com/image/upload/f_auto,q_auto/league/jasnk9akri8eghfgolsn",Emari Demercado,00-0038705,4362478,56395,RB,KC,2023,2026,ACT,Emari Demercado; Emari Demercado 24,ARZ,RB
Emeka Egbuka,"https://static.www.nfl.com/image/upload/f_auto,q_auto/league/qolqqtwamffi0pi4np7h",Emeka Egbuka,00-0040129,4567750,58221,WR,TB,2025,2026,ACT,Emeka Egbuka,TB,WR
Equanimeous St. Brown,"https://static.www.nfl.com/image/upload/f_auto,q_auto/league/yqojuedjvxtydgd9tgpr",Equanimeous St. Brown,00-0034279,3932442,46276,WR,NO,2018,2024,DEV,Equanimeous St. Brown,CHI,WR
Eric Saubert,"https://static.www.nfl.com/image/upload/f_auto,q_auto/league/ojoapzazehxdd01fadz6",Eric Saubert,00-0033576,2975863,44987,TE,SEA,2017,2026,ACT,Eric Saubert 24,SF,TE
Erick All,"https://static.www.nfl.com/image/upload/f_auto,q_auto/league/ifkhcxze7lnxkpzjvsmk",Erick All,00-0039814,4427834,57236,TE,CIN,2024,2026,ACT,Erick All 24,CIN,TE
Evan Engram,"https://static.www.nfl.com/image/upload/f_auto,q_auto/league/vsrjso6phkjqki88qw9y",Evan Engram,00-0033881,3051876,44835,TE,DEN,2017,2026,ACT,Evan Engram; Evan Engram 24,DEN; JAX,TE
Ezekiel Elliott,"https://static.www.nfl.com/image/upload/f_auto,q_auto/league/d4yr6htg4dbs0bgcfqnd",Ezekiel Elliott,00-0033045,3051392,43293,RB,LAC,2016,2024,DEV,Ezekiel Elliott; Ezekiel Elliott 24,DAL; NE,RB
Foster Moreau,"https://static.www.nfl.com/image/upload/f_auto,q_auto/league/esc21tsccagvyy1ctaoc",Foster Moreau,00-0034981,3843945,47920,TE,HOU,2019,2026,ACT,Foster Moreau; Foster Moreau 24,NO,TE
Gabe Davis,"https://static.www.nfl.com/image/upload/f_auto,q_auto/league/rlmgjtfct5qjtbwcjqg6",Gabe Davis,00-0036196,4243537,52536,WR,BUF,2020,2026,UFA,Gabe Davis; Gabe Davis 24,BUF; JAX,WR
Gage Larvadain,"https://static.www.nfl.com/image/upload/f_auto,q_auto/league/ghzcze6fe8cmvu2vrkyo",Gage Larvadain,00-0040259,4877203,58695,WR,CLE,2025,2026,ACT,Gage Larvadain,CLV,WR
Garrett Wilson,"https://static.www.nfl.com/image/upload/f_auto,q_auto/league/kbijsheobhwej7lh8mvf",Garrett Wilson,00-0037740,4569618,54475,WR,NYJ,2022,2026,ACT,Garrett Wilson; Garrett Wilson 24,NYJ,WR
Geoff Swaim,"https://static.www.nfl.com/image/upload/f_auto,q_auto/league/kecuhwgbqvlqt6gb0dz6",Geoff Swaim,00-0032141,3046704,42589,TE,CLE,2015,2024,RES,Geoff Swaim,ARZ,TE
George Kittle,"https://static.www.nfl.com/image/upload/f_auto,q_auto/league/ztz3xqjaqgok9m4nylgs",George Kittle,00-0033288,3040151,44959,TE,SF,2017,2026,ACT,George Kittle; George Kittle 24,SF,TE
George Pickens,"https://static.www.nfl.com/image/upload/f_auto,q_auto/league/cbpyykoguf7rsxezqzvk",George Pickens,00-0037247,4426354,54517,WR,DAL,2022,2026,ACT,George Pickens; George Pickens 24,DAL; PIT,WR
Gerald Everett,"https://static.www.nfl.com/image/upload/f_auto,q_auto/league/aayw74rhaupmfnnikzak",Gerald Everett,00-0033895,3918639,44856,TE,CHI,2017,2024,ACT,Gerald Everett; Gerald Everett 24,CHI; LAC,TE
Grant Calcaterra,"https://static.www.nfl.com/image/upload/f_auto,q_auto/league/xzfqqlmavruytirlmg3n",Grant Calcaterra,00-0037086,4241374,54663,TE,PHI,2022,2026,ACT,Grant Calcaterra; Grant Calcaterra 24,PHI,TE
Greg Dortch,"https://static.www.nfl.com/image/upload/f_auto,q_auto/league/jt4lbkjxkkrw3f644sft",Greg Dortch,00-0035500,4037235,48646,WR,DET,2019,2026,ACT,Greg Dortch; Greg Dortch 24,ARZ,WR
Greg Dulcich,"https://static.www.nfl.com/image/upload/f_auto,q_auto/league/kirfnwuge3eam1s0ycne",Greg Dulcich,00-0037252,4367209,54545,TE,MIA,2022,2026,ACT,Greg Dulcich; Greg Dulcich 24,MIA; NYG,TE
Gunnar Helm,"https://static.www.nfl.com/image/upload/f_auto,q_auto/league/lcyqbbnrzgtbnirz8knj",Gunnar Helm,00-0040584,4686728,58325,TE,TEN,2025,2026,ACT,Gunnar Helm,TEN,TE
Gus Edwards,"https://static.www.nfl.com/image/upload/f_auto,q_auto/league/dyobqe3w5eypevsk3f2b",Gus Edwards,00-0034184,3051926,46437,RB,LAC,2018,2024,ACT,Gus Edwards; Gus Edwards 24,BLT; LAC,RB
Harold Fannin Jr.,"https://static.www.nfl.com/image/upload/f_auto,q_auto/league/fxublmpnxx9uggsddwik",Harold Fannin Jr.,00-0040663,5083076,58272,TE,CLE,2025,2026,ACT,Harold Fannin Jr.,CLV,TE
Harrison Bryant,"https://static.www.nfl.com/image/upload/f_auto,q_auto/league/gmguayurr96nolimwmyn",Harrison Bryant,00-0036232,4040774,52523,TE,SEA,2020,2026,ACT,Harrison Bryant,CLV,TE
Hayden Hurst,"https://static.www.nfl.com/image/upload/f_auto,q_auto/league/qxvkvmi2fphxjqyb21nv",Hayden Hurst,00-0034830,3924365,46094,TE,LAC,2018,2024,ACT,Hayden Hurst,CAR,TE
Hunter Henry,"https://static.www.nfl.com/image/upload/f_auto,q_auto/league/l0fsrutz9fwbohx10lcf",Hunter Henry,00-0033090,3046439,43324,TE,NE,2016,2026,ACT,Hunter Henry; Hunter Henry 24,NE,TE
Hunter Long,"https://static.www.nfl.com/image/upload/f_auto,q_auto/league/n1kvmijdfpyv1dwlwqa6",Hunter Long,00-0037004,4239944,53510,TE,JAX,2021,2026,ACT,Hunter Long,JAX,TE
Hunter Renfrow,"https://static.www.nfl.com/image/upload/f_auto,q_auto/league/sgrqk1a6fm34swazm2bx",Hunter Renfrow,00-0034983,3135321,47932,WR,CAR,2019,2025,CUT,Hunter Renfrow,CAR; LV,WR
Ian Thomas,"https://static.www.nfl.com/image/upload/f_auto,q_auto/league/gvpwnq0mjefjlekgzxro",Ian Thomas,00-0034365,4045305,46170,TE,LV,2018,2026,ACT,Ian Thomas,LV,TE
Irv Smith,"https://static.www.nfl.com/image/private/f_auto,q_auto/league/gvnnqr5kj0rtte3iw9mp",Irv Smith,00-0034970,4040980,47833,TE,HOU,2019,2025,CUT,Irv Smith,CIN,TE
Isaac Guerendo,"https://static.www.nfl.com/image/upload/f_auto,q_auto/league/lr1qp5tsa5xshzt02urm",Isaac Guerendo,00-0039363,4372561,57250,RB,SF,2024,2026,ACT,Isaac Guerendo 24,SF,RB
Isaac TeSlaa,"https://static.www.nfl.com/image/upload/f_auto,q_auto/league/wa4sruqazyqobmepi6vi",Isaac TeSlaa,00-0040669,5123663,58275,WR,DET,2025,2026,ACT,Isaac TeSlaa,DET,WR
Isaiah Bond,"https://static.www.nfl.com/image/upload/f_auto,q_auto/league/piv889pkizjvgrtpfkxm",Isaiah Bond,00-0040782,4808839,59278,WR,CLE,2025,2026,ACT,Isaiah Bond,CLV,WR
Isaiah Davis,"https://static.www.nfl.com/image/upload/f_auto,q_auto/league/hsozhwgsuffsfrc4qdp2",Isaiah Davis,00-0039798,4695404,57294,RB,NYJ,2024,2026,ACT,Isaiah Davis,NYJ,RB
Isaiah Hodgins,"https://static.www.nfl.com/image/upload/f_auto,q_auto/league/d6ezyptfnmmxgm8rykf4",Isaiah Hodgins,00-0036165,4242540,52615,WR,NYG,2020,2026,ACT,Isaiah Hodgins,NYG,WR
Isaiah Likely,"https://static.www.nfl.com/image/upload/f_auto,q_auto/league/ssrjtyvnyfflobmi0mb8",Isaiah Likely,00-0037838,4361050,54604,TE,NYG,2022,2026,ACT,Isaiah Likely; Isaiah Likely 24,BLT,TE
Isaiah Williams,"https://static.www.nfl.com/image/upload/f_auto,q_auto/league/oh3pm7dzgswlgxn371tx",Isaiah Williams,00-0039451,4569371,57565,WR,NYJ,2024,2026,ACT,Isaiah Williams,NYJ,WR
Isiah Pacheco,"https://static.www.nfl.com/image/upload/f_auto,q_auto/league/tqshteijt4xhgk2ei9sx",Isiah Pacheco,00-0037197,4361529,54716,RB,DET,2022,2026,ACT,Isiah Pacheco; Isiah Pacheco 24,KC,RB
J.K. Dobbins,"https://static.www.nfl.com/image/upload/f_auto,q_auto/league/cevotvl3ho5h1mioruyg",J.K. Dobbins,00-0036158,4241985,52463,RB,DEN,2020,2026,ACT,J.K. Dobbins; J.K. Dobbins 24,DEN; LAC,RB
Ja'Lynn Polk,"https://static.www.nfl.com/image/upload/f_auto,q_auto/league/w4hcfpfjrpt0fchb0xmm",Ja'Lynn Polk,00-0039907,4430637,57158,WR,NO,2024,2026,ACT,Ja'Lynn Polk 24,NE,WR
Ja'Marr Chase,"https://static.www.nfl.com/image/upload/f_auto,q_auto/league/qya3dtjb5kgofcuj2tuw",Ja'Marr Chase,00-0036900,4362628,53434,WR,CIN,2021,2026,ACT,Ja'Marr Chase; Ja'Marr Chase 24,CIN,WR
Ja'Tavion Sanders,"https://static.www.nfl.com/image/upload/f_auto,q_auto/league/le2akm1cbou170ioctxl",Ja'Tavion Sanders,00-0039356,4431588,57222,TE,CAR,2024,2026,ACT,Ja'Tavion Sanders; Ja'Tavion Sanders 24,CAR,TE
Jack Bech,"https://static.www.nfl.com/image/upload/f_auto,q_auto/league/feplgtl0x1svqen9szwv",Jack Bech,00-0040729,4603186,58263,WR,LV,2025,2026,ACT,Jack Bech,LV,WR
Jack Stoll,"https://static.www.nfl.com/image/upload/f_auto,q_auto/league/rtgfs8jwzhtmupqxqgmz",Jack Stoll,00-0036741,4034862,53946,TE,CLE,2021,2026,ACT,Jack Stoll,PHI,TE
Jackson Hawes,"https://static.www.nfl.com/image/upload/f_auto,q_auto/league/nmulibermshvvmemgupo",Jackson Hawes,00-0040194,4573699,58378,TE,BUF,2025,2026,ACT,Jackson Hawes,BUF,TE
Jacory Croskey-Merritt,"https://static.www.nfl.com/image/upload/f_auto,q_auto/league/tklzj7zzve1t4z2hhr1g",Jacory Croskey-Merritt,00-0040242,4575131,58450,RB,WAS,2025,2026,ACT,Jacory Croskey-Merritt,WAS,RB
Jahan Dotson,"https://static.www.nfl.com/image/upload/f_auto,q_auto/league/dbtou5ln1kwjutixywie",Jahan Dotson,00-0037741,4361409,54481,WR,ATL,2022,2026,ACT,Jahan Dotson; Jahan Dotson 24,PHI; WAS,WR
Jahmyr Gibbs,"https://static.www.nfl.com/image/upload/f_auto,q_auto/league/hjxk3judytgsxkqiilre",Jahmyr Gibbs,00-0039139,4429795,55876,RB,DET,2023,2026,ACT,Jahmyr Gibbs; Jahmyr Gibbs 24,DET,RB
Jake Bobo,"https://static.www.nfl.com/image/upload/f_auto,q_auto/league/xkwlqqmn2dcjlyeywpw5",Jake Bobo,00-0038752,4360405,56471,WR,SEA,2023,2026,ACT,Jake Bobo; Jake Bobo 24,SEA,WR
Jake Ferguson,"https://static.www.nfl.com/image/upload/f_auto,q_auto/league/ebdz1yf8ky2mscdvyv1v",Jake Ferguson,00-0038041,4242355,54594,TE,DAL,2022,2026,ACT,Jake Ferguson; Jake Ferguson 24,DAL,TE
Jake Tonges,"https://static.www.nfl.com/image/upload/f_auto,q_auto/league/uztcdowl4wig2uhy1qxh",Jake Tonges,00-0037112,4259147,54784,TE,SF,2022,2026,ACT,Jake Tonges,SF,TE
Jakobi Meyers,"https://static.www.nfl.com/image/upload/f_auto,q_auto/league/qui5ajbevlk7pfjpcufz",Jakobi Meyers,00-0034960,3916433,48097,WR,JAX,2019,2026,ACT,Jakobi Meyers; Jakobi Meyers 24,JAX; LV,WR
Jaleel McLaughlin,"https://static.www.nfl.com/image/upload/f_auto,q_auto/league/pw2tngyy8k8jlb1qpooo",Jaleel McLaughlin,00-0038794,4722893,56513,RB,DEN,2023,2026,ACT,Jaleel McLaughlin; Jaleel McLaughlin 24,DEN,RB
Jalen Brooks,"https://static.www.nfl.com/image/upload/f_auto,q_auto/league/drpljzij7e0e9ojwf0cq",Jalen Brooks,00-0038640,4692835,56109,WR,AZ,2023,2026,ACT,Jalen Brooks 24,DAL,WR
Jalen Coker,"https://static.www.nfl.com/image/upload/f_auto,q_auto/league/tbo339znpzrfki8hri95",Jalen Coker,00-0039491,4695883,57606,WR,CAR,2024,2026,ACT,Jalen Coker; Jalen Coker 24,CAR,WR
Jalen Guyton,"https://static.www.nfl.com/image/upload/f_auto,q_auto/league/a6j9njysh2lwdjblxvxw",Jalen Guyton,00-0035414,3932430,48556,WR,LV,2019,2024,CUT,Jalen Guyton,LAC,WR
Jalen McMillan,"https://static.www.nfl.com/image/upload/f_auto,q_auto/league/x2jipyhqclsgx4cmsqct",Jalen McMillan,00-0039855,4430834,57213,WR,TB,2024,2026,ACT,Jalen McMillan 24,TB,WR
Jalen Nailor,"https://static.www.nfl.com/image/upload/f_auto,q_auto/league/sdsx2pttiiwbfpyuuwiz",Jalen Nailor,00-0037291,4382466,54656,WR,LV,2022,2026,ACT,Jalen Nailor; Jalen Nailor 24,MIN,WR
Jalen Reagor,"https://static.www.nfl.com/image/upload/f_auto,q_auto/league/r55ywr41a014zd9zmvc1",Jalen Reagor,00-0036387,4241802,52429,WR,LAC,2020,2025,CUT,Jalen Reagor,NE,WR
Jalen Tolbert,"https://static.www.nfl.com/image/upload/f_auto,q_auto/league/pif5ffxlibkfp90k1sj4",Jalen Tolbert,00-0037666,4249417,54553,WR,MIA,2022,2026,ACT,Jalen Tolbert; Jalen Tolbert 24,DAL,WR
Jalin Hyatt,"https://static.www.nfl.com/image/upload/f_auto,q_auto/league/bzyn9cpmwfqjtztwblmy",Jalin Hyatt,00-0038938,4692590,55938,WR,NYG,2023,2026,ACT,Jalin Hyatt; Jalin Hyatt 24,NYG,WR
Jamaal Williams,"https://static.www.nfl.com/image/upload/f_auto,q_auto/league/yxrxpgcwq5qwp88vqnp3",Jamaal Williams,00-0033948,2980453,44947,RB,NO,2017,2024,ACT,Jamaal Williams; Jamaal Williams 24,NO,RB
Jamal Agnew,"https://static.www.nfl.com/image/upload/f_auto,q_auto/league/buapoaxrvjzwsr4l34mq",Jamal Agnew,00-0033572,3061612,44978,WR,ATL,2017,2025,CUT,Jamal Agnew,JAX,WR
Jamari Thrash,"https://static.www.nfl.com/image/upload/f_auto,q_auto/league/byihyhwwpltzyetas85a",Jamari Thrash,00-0039379,4428678,57277,WR,CLE,2024,2026,ACT,Jamari Thrash,CLV,WR
James Conner,"https://static.www.nfl.com/image/upload/f_auto,q_auto/league/g5yjordcmt76j0saytzb",James Conner,00-0033553,3045147,44917,RB,AZ,2017,2026,ACT,James Conner; James Conner 24,ARZ,RB
James Cook,"https://static.www.nfl.com/image/upload/f_auto,q_auto/league/anjbznqb9i21wzcgrtbs",James Cook,00-0037248,4379399,54528,RB,BUF,2022,2026,ACT,James Cook; James Cook 24,BUF,RB
James Proche,"https://static.www.nfl.com/image/upload/f_auto,q_auto/league/s1jyxzrzgn2od1sempye",James Proche,00-0036133,3916204,52609,WR,TEN,2020,2026,UFA,James Proche,TEN,WR
Jameson Williams,"https://static.www.nfl.com/image/upload/f_auto,q_auto/league/gpjarmglg1jhwq5wr1uu",Jameson Williams,00-0037240,4426388,54477,WR,DET,2022,2026,ACT,Jameson Williams; Jameson Williams 24,DET,WR
Jason Brownlee,"https://static.www.nfl.com/image/upload/f_auto,q_auto/league/gnqpsix71nvcuclltghc",Jason Brownlee,00-0038492,4689988,56248,WR,KC,2023,2026,ACT,Jason Brownlee,NYJ,WR
Jauan Jennings,"https://static.www.nfl.com/image/upload/f_auto,q_auto/league/cdx9mq3iglzog9mkqvdr",Jauan Jennings,00-0036259,3886598,52625,WR,MIN,2020,2026,ACT,Jauan Jennings; Jauan Jennings 24,SF,WR
Javonte Williams,"https://static.www.nfl.com/image/upload/f_auto,q_auto/league/hwzske22c4wrlf27qrih",Javonte Williams,00-0036997,4361579,53464,RB,DAL,2021,2026,ACT,Javonte Williams; Javonte Williams 24,DAL; DEN,RB
Jaxon Smith-Njigba,"https://static.www.nfl.com/image/upload/f_auto,q_auto/league/jpvhsregfvw46mlyckzj",Jaxon Smith-Njigba,00-0038543,4430878,55884,WR,SEA,2023,2026,ACT,Jaxon Smith-Njigba; Jaxon Smith-Njigba 24,SEA,WR
Jayden Higgins,"https://static.www.nfl.com/image/upload/f_auto,q_auto/league/wrdw1u4onrmfuuluuipk",Jayden Higgins,00-0040130,4877706,58239,WR,HOU,2025,2026,ACT,Jayden Higgins,HST,WR
Jayden Reed,"https://static.www.nfl.com/image/upload/f_auto,q_auto/league/blh2tfg9qjthqo2g6ot4",Jayden Reed,00-0039146,4362249,55915,WR,GB,2023,2026,ACT,Jayden Reed; Jayden Reed 24,GB,WR
Jaylen Waddle,"https://static.www.nfl.com/image/upload/f_auto,q_auto/league/dsxd2zcqm42wsv4ewtfc",Jaylen Waddle,00-0036613,4372016,53435,WR,DEN,2021,2026,ACT,Jaylen Waddle; Jaylen Waddle 24,MIA,WR
Jaylen Warren,"https://static.www.nfl.com/image/upload/f_auto,q_auto/league/f3txbqdarbabqtq4sx98",Jaylen Warren,00-0037228,4569987,54905,RB,PIT,2022,2026,ACT,Jaylen Warren; Jaylen Warren 24,PIT,RB
Jaylen Wright,"https://static.www.nfl.com/image/upload/f_auto,q_auto/league/i3wlfgqsynl7qaa4tsqw",Jaylen Wright,00-0039874,4682745,57241,RB,MIA,2024,2026,ACT,Jaylen Wright; Jaylen Wright 24,MIA,RB
Jaylin Lane,"https://static.www.nfl.com/image/upload/f_auto,q_auto/league/ozgin9atyuq92buo2eoa",Jaylin Lane,00-0040164,4602667,58333,WR,WAS,2025,2026,ACT,Jaylin Lane,WAS,WR
Jaylin Noel,"https://static.www.nfl.com/image/upload/f_auto,q_auto/league/dajbyvtsggwqinlijxnf",Jaylin Noel,00-0040138,4586312,58284,WR,HOU,2025,2026,ACT,Jaylin Noel,HST,WR
Jeremy McNichols,"https://static.www.nfl.com/image/upload/f_auto,q_auto/league/kegqjj5pv7xidm0xwtpy",Jeremy McNichols,00-0033955,3127586,44975,RB,WAS,2017,2026,ACT,Jeremy McNichols; Jeremy McNichols 24,WAS,RB
Jeremy Ruckert,"https://static.www.nfl.com/image/upload/f_auto,q_auto/league/jnwpnpbukmzrsuutpufx",Jeremy Ruckert,00-0037805,4361372,54566,TE,NYJ,2022,2026,ACT,Jeremy Ruckert; Jeremy Ruckert 24,NYJ,TE
Jerick McKinnon,"https://static.www.nfl.com/image/private/f_auto,q_auto/league/yezxe2j778cndbhkxwez",Jerick McKinnon,00-0031376,16782,41325,RB,KC,2014,2023,RES,Jerick McKinnon,KC,RB
Jerome Ford,"https://static.www.nfl.com/image/private/f_auto,q_auto/league/djggmwo5v8osoboiseo2",Jerome Ford,00-0037267,4372019,54621,RB,WAS,2022,2026,ACT,Jerome Ford; Jerome Ford 24,CLV,RB
Jerry Jeudy,"https://static.www.nfl.com/image/upload/f_auto,q_auto/league/szca1v9butuqkjs7ekpm",Jerry Jeudy,00-0036407,4241463,52423,WR,CLE,2020,2026,ACT,Jerry Jeudy; Jerry Jeudy 24,CLV; DEN,WR
Joe Mixon,"https://static.www.nfl.com/image/upload/f_auto,q_auto/league/gwyhozfhjgedwdmmjjcf",Joe Mixon,00-0033897,3116385,44860,RB,HOU,2017,2026,UFA,Joe Mixon; Joe Mixon 24,CIN; HST,RB
John Bates,"https://static.www.nfl.com/image/upload/f_auto,q_auto/league/edpnkleev10rpzfgjakv",John Bates,00-0036628,4048228,53553,TE,WAS,2021,2026,ACT,John Bates; John Bates 24,WAS,TE
John FitzPatrick,"https://static.www.nfl.com/image/upload/f_auto,q_auto/league/kopyksw2p51nivtldayc",John FitzPatrick,00-0037306,4379401,54678,TE,GB,2022,2026,UFA,John FitzPatrick,GB,TE
John Metchie III,"https://static.www.nfl.com/image/upload/f_auto,q_auto/league/u7ir1sy2vrpidvwpndqd",John Metchie III,00-0037614,4567096,54509,WR,CAR,2022,2026,ACT,John Metchie III; John Metchie III 24,HST; NYJ,WR
Johnny Mundt,"https://static.www.nfl.com/image/upload/f_auto,q_auto/league/dnvrns7mliks2ptijfo0",Johnny Mundt,00-0033246,3052096,45094,TE,PHI,2017,2026,ACT,Johnny Mundt; Johnny Mundt 24,JAX; MIN,TE
Johnny Wilson,"https://static.www.nfl.com/image/upload/f_auto,q_auto/league/azz7slr16byvcvbnaifa",Johnny Wilson,00-0039236,4686104,57305,WR,PHI,2024,2026,ACT,Johnny Wilson 24,PHI,WR
Jonathan Mingo,"https://static.www.nfl.com/image/upload/f_auto,q_auto/league/adaubthdtcqe2ez7dw9w",Jonathan Mingo,00-0039062,4426485,55904,WR,DAL,2023,2026,ACT,Jonathan Mingo; Jonathan Mingo 24,CAR; DAL,WR
Jonathan Taylor,"https://static.www.nfl.com/image/upload/f_auto,q_auto/league/uwmnrhwtwug0wrgkomjk",Jonathan Taylor,00-0036223,4242335,52449,RB,IND,2020,2026,ACT,Jonathan Taylor; Jonathan Taylor 24,IND,RB
Jonnu Smith,"https://static.www.nfl.com/image/upload/f_auto,q_auto/league/egd6llghj3n5wfdrqacw",Jonnu Smith,00-0033858,3054212,44912,TE,PIT,2017,2026,UFA,Jonnu Smith; Jonnu Smith 24,ATL; MIA; PIT,TE
Jordan Addison,"https://static.www.nfl.com/image/upload/f_auto,q_auto/league/s2ey8g5memyqvxc52uzy",Jordan Addison,00-0038994,4429205,55887,WR,MIN,2023,2026,ACT,Jordan Addison; Jordan Addison 24,MIN,WR
Jordan Akins,"https://static.www.nfl.com/image/private/f_auto,q_auto/league/fgkl9zfpy2yxrkxfge84",Jordan Akins,00-0034364,3128452,46167,TE,JAX,2018,2025,DEV,Jordan Akins; Jordan Akins 24,CLV,TE
Jordan Mason,"https://static.www.nfl.com/image/upload/f_auto,q_auto/league/ixykwytfrfz1cdxlhj5w",Jordan Mason,00-0037525,4360569,55113,RB,MIN,2022,2026,ACT,Jordan Mason; Jordan Mason 24,MIN; SF,RB
Jordan Whittington,"https://static.www.nfl.com/image/upload/f_auto,q_auto/league/w5h5q9jwyaimdjlnracx",Jordan Whittington,00-0039751,4569382,57333,WR,LA,2024,2026,ACT,Jordan Whittington; Jordan Whittington 24,LA,WR
Josh Downs,"https://static.www.nfl.com/image/upload/f_auto,q_auto/league/gqozitn9vxnp8acz6wwg",Josh Downs,00-0038997,4688813,55944,WR,IND,2023,2026,ACT,Josh Downs; Josh Downs 24,IND,WR
Josh Jacobs,"https://static.www.nfl.com/image/upload/f_auto,q_auto/league/drtobqw2mk7yw3edjgwo",Josh Jacobs,00-0035700,4047365,47807,RB,GB,2019,2026,ACT,Josh Jacobs; Josh Jacobs 24,GB; LV,RB
Josh Oliver,"https://static.www.nfl.com/image/upload/f_auto,q_auto/league/pfvhbfguzu6wv9ikluop",Josh Oliver,00-0035249,3921690,47852,TE,MIN,2019,2026,ACT,Josh Oliver; Josh Oliver 24,MIN,TE
Josh Palmer,"https://static.www.nfl.com/image/upload/f_auto,q_auto/league/woswdfrtxnsfgzsjvsxx",Josh Palmer,00-0036988,4242433,53506,WR,BUF,2021,2026,ACT,Josh Palmer; Josh Palmer 24,BUF; LAC,WR
Josh Reynolds,"https://static.www.nfl.com/image/upload/f_auto,q_auto/league/lf1fjsagcsvxmktl0bbn",Josh Reynolds,00-0033943,3115306,44930,WR,NYJ,2017,2026,UFA,Josh Reynolds; Josh Reynolds 24,DET; JAX; NYJ,WR
Josh Whyle,"https://static.www.nfl.com/image/upload/f_auto,q_auto/league/anwoxedspnle4xdk0cnl",Josh Whyle,00-0038589,4360086,56012,TE,GB,2023,2026,ACT,Josh Whyle 24,TEN,TE
Joshua Kelley,"https://static.www.nfl.com/image/private/f_auto,q_auto/league/fsu6gqcltgnofaakmq6u",Joshua Kelley,00-0036370,3910544,52520,RB,TEN,2020,2024,ACT,Joshua Kelley,LAC,RB
JuJu Smith-Schuster,"https://static.www.nfl.com/image/upload/f_auto,q_auto/league/fmjrhk2zt9z22uifctv0",JuJu Smith-Schuster,00-0033857,3120348,44874,WR,KC,2017,2026,UFA,JuJu Smith-Schuster; JuJu Smith-Schuster 24,KC; NE,WR
Julian Hill,"https://static.www.nfl.com/image/upload/f_auto,q_auto/league/yogwwyzq4sydycahhbgw",Julian Hill,00-0038720,4365395,56410,TE,NE,2023,2026,ACT,Julian Hill; Julian Hill 24,MIA,TE
Julio Jones,"https://static.www.nfl.com/image/upload/f_auto,q_auto/league/omrddf2phtyztzx2nup1",Julio Jones,00-0027944,13982,37079,WR,PHI,2011,2023,ACT,Julio Jones,PHI,WR
Justice Hill,"https://static.www.nfl.com/image/upload/f_auto,q_auto/league/h6p9crhra8ehxju3ubza",Justice Hill,00-0034975,4038441,47896,RB,BAL,2019,2026,ACT,Justice Hill; Justice Hill 24,BLT,RB
Justin Jefferson,"https://static.www.nfl.com/image/upload/f_auto,q_auto/league/f0ccavu3ppzcs51e1cuv",Justin Jefferson,00-0036322,4262921,52430,WR,MIN,2020,2026,ACT,Justin Jefferson; Justin Jefferson 24,MIN,WR
Justin Watson,"https://static.www.nfl.com/image/upload/f_auto,q_auto/league/unqrnkfpqg7juhlbyp4v",Justin Watson,00-0034386,3118892,46213,WR,HOU,2018,2026,ACT,Justin Watson; Justin Watson 24,KC,WR
Juwan Johnson,"https://static.www.nfl.com/image/upload/f_auto,q_auto/league/wuyyzdqkh5fve8t7kfuv",Juwan Johnson,00-0036040,3929645,52942,TE,NO,2020,2026,ACT,Juwan Johnson; Juwan Johnson 24,NO,TE
K.J. Osborn,"https://static.www.nfl.com/image/upload/f_auto,q_auto/league/ol316js270dkzhgkclrq",K.J. Osborn,00-0036345,3916566,52584,WR,TEN,2020,2026,ACT,K.J. Osborn; K.J. Osborn 24,MIN; WAS,WR
KaVontae Turpin,"https://static.www.nfl.com/image/upload/f_auto,q_auto/league/cgjwzierootp8gjem5oe",KaVontae Turpin,00-0037801,3676833,53117,WR,DAL,2022,2026,ACT,KaVontae Turpin; KaVontae Turpin 24,DAL,WR
Kadarius Toney,"https://static.www.nfl.com/image/upload/f_auto,q_auto/league/nuwjpint0g5wejogudt4",Kadarius Toney,00-0036913,4240600,53449,WR,CLE,2021,2024,CUT,Kadarius Toney,KC,WR
Kalif Raymond,"https://static.www.nfl.com/image/upload/f_auto,q_auto/league/e5z8bskwg89hqtsjwwgj",Kalif Raymond,00-0032464,2973405,43584,WR,CHI,2016,2026,ACT,Kalif Raymond; Kalif Raymond 24,DET,WR
Kareem Hunt,"https://static.www.nfl.com/image/upload/f_auto,q_auto/league/hktvzf8hiupoycyg1kmc",Kareem Hunt,00-0033923,3059915,44898,RB,KC,2017,2026,UFA,Kareem Hunt; Kareem Hunt 24,CLV; KC,RB
Kayshon Boutte,"https://static.www.nfl.com/image/upload/f_auto,q_auto/league/mg4icjqhwhnc5uobmau5",Kayshon Boutte,00-0038608,4429022,56052,WR,NE,2023,2026,ACT,Kayshon Boutte; Kayshon Boutte 24,NE,WR
Keaton Mitchell,"https://static.www.nfl.com/image/upload/f_auto,q_auto/league/klpn2btfhgfv5a8dp3jj",Keaton Mitchell,00-0038454,4596334,56205,RB,LAC,2023,2026,ACT,Keaton Mitchell,BLT,RB
Keenan Allen,"https://static.www.nfl.com/image/upload/f_auto,q_auto/league/ri267r6lzfwarh89hsn6",Keenan Allen,00-0030279,15818,40024,WR,LAC,2013,2026,UFA,Keenan Allen; Keenan Allen 24,CHI; LAC,WR
Kendrick Bourne,"https://static.www.nfl.com/image/upload/f_auto,q_auto/league/rroh157jvpywprbfn3vx",Kendrick Bourne,00-0033307,3045523,45185,WR,AZ,2017,2026,ACT,Kendrick Bourne; Kendrick Bourne 24,NE; SF,WR
Kenneth Gainwell,"https://static.www.nfl.com/image/upload/f_auto,q_auto/league/f74x1ywy7oo5kq81vblh",Kenneth Gainwell,00-0036919,4371733,53579,RB,TB,2021,2026,ACT,Kenneth Gainwell; Kenneth Gainwell 24,PHI; PIT,RB
Kenneth Walker III,"https://static.www.nfl.com/image/upload/f_auto,q_auto/league/mnzsnemdzbey5hbahdhk",Kenneth Walker III,00-0038134,4567048,54506,RB,KC,2022,2026,ACT,Kenneth Walker III; Kenneth Walker III 24,SEA,RB
Keon Coleman,"https://static.www.nfl.com/image/upload/f_auto,q_auto/league/f3cx4kmpdmqftr79ueiv",Keon Coleman,00-0039901,4635008,57154,WR,BUF,2024,2026,ACT,Keon Coleman; Keon Coleman 24,BUF,WR
Kevin Austin Jr.,"https://static.www.nfl.com/image/upload/f_auto,q_auto/league/fh2yaqaxkornxeb7d9ie",Kevin Austin Jr.,00-0037231,4372758,54911,WR,NO,2022,2026,ACT,Kevin Austin Jr.; Kevin Austin Jr. 24,NO,WR
KhaDarel Hodge,"https://static.www.nfl.com/image/upload/f_auto,q_auto/league/r6vyxamrbb62lcccap2r",KhaDarel Hodge,00-0034854,3047876,46992,WR,ATL,2018,2026,UFA,KhaDarel Hodge; KhaDarel Hodge 24,ATL,WR
Khalil Herbert,"https://static.www.nfl.com/image/upload/f_auto,q_auto/league/gjwksf9ygntjmtceeerh",Khalil Herbert,00-0036906,4035886,53646,RB,NYJ,2021,2026,UFA,Khalil Herbert,CHI,RB
Khalil Shakir,"https://static.www.nfl.com/image/upload/f_auto,q_auto/league/otadttbhvkmavhsonnqm",Khalil Shakir,00-0037261,4373678,54613,WR,BUF,2022,2026,ACT,Khalil Shakir; Khalil Shakir 24,BUF,WR
Kimani Vidal,"https://static.www.nfl.com/image/upload/f_auto,q_auto/league/huwihtava8gkxzb4cxb8",Kimani Vidal,00-0039391,4430968,57301,RB,LAC,2024,2026,ACT,Kimani Vidal; Kimani Vidal 24,LAC,RB
Konata Mumpfield,"https://static.www.nfl.com/image/upload/f_auto,q_auto/league/psy72cl8ko1zp7vkbvga",Konata Mumpfield,00-0040590,4710855,58447,WR,LA,2025,2026,ACT,Konata Mumpfield,LA,WR
Kyle Monangai,"https://static.www.nfl.com/image/upload/f_auto,q_auto/league/cici2wf1walmoluhe95i",Kyle Monangai,00-0040236,4608686,58438,RB,CHI,2025,2026,ACT,Kyle Monangai,CHI,RB
Kyle Philips,"https://static.www.nfl.com/image/upload/f_auto,q_auto/league/zktgqqc4vywgapt85rmx",Kyle Philips,00-0037273,4367175,54628,WR,PHI,2022,2024,DEV,Kyle Philips,TEN,WR
Kyle Pitts,"https://static.www.nfl.com/image/upload/f_auto,q_auto/league/tbec213me3pszzszecqo",Kyle Pitts,00-0036970,4360248,53433,TE,ATL,2021,2026,ACT,Kyle Pitts; Kyle Pitts 24,ATL,TE
Kyle Williams,"https://static.www.nfl.com/image/upload/f_auto,q_auto/league/bu31c2ino065kazsn541",Kyle Williams,00-0040131,4613202,58274,WR,NE,2025,2026,ACT,Kyle Williams,NE,WR
Kylen Granson,"https://static.www.nfl.com/image/upload/f_auto,q_auto/league/ysbxmdw4da30q3kjb571",Kylen Granson,00-0036876,4039160,53556,TE,TEN,2021,2026,ACT,Kylen Granson; Kylen Granson 24,IND,TE
Kyren Williams,"https://static.www.nfl.com/image/upload/f_auto,q_auto/league/smsyrjrwy0lf0hu9hkvg",Kyren Williams,00-0037840,4430737,54629,RB,LA,2022,2026,ACT,Kyren Williams; Kyren Williams 24,LA,RB
Ladd McConkey,"https://static.www.nfl.com/image/upload/f_auto,q_auto/league/qsvdiebsa34jtkcrjpju",Ladd McConkey,00-0039915,4612826,57155,WR,LAC,2024,2026,ACT,Ladd McConkey; Ladd McConkey 24,LAC,WR
Latavius Murray,"https://static.www.nfl.com/image/private/f_auto,q_auto/league/zepm7ghltyeqydn0qxcg",Latavius Murray,00-0030513,15920,40129,RB,BUF,2013,2023,ACT,Latavius Murray,BUF,RB
LeQuint Allen Jr.,"https://static.www.nfl.com/image/upload/f_auto,q_auto/league/i0utigksuuvo2njb9wtk",LeQuint Allen Jr.,00-0040238,4911851,58441,RB,JAX,2025,2026,ACT,LeQuint Allen Jr.,JAX,RB
Lil'Jordan Humphrey,"https://static.www.nfl.com/image/upload/f_auto,q_auto/league/otxrvkflhixz9akhmfqq",Lil'Jordan Humphrey,00-0035406,4039057,48541,WR,DEN,2019,2026,ACT,Lil'Jordan Humphrey; Lil'Jordan Humphrey 24,DEN,WR
Logan Thomas,"https://static.www.nfl.com/image/private/f_auto,q_auto/league/acm0ymhqdzqxdibwjphv",Logan Thomas,00-0031260,16813,41349,TE,WAS,2014,2023,ACT,Logan Thomas,WAS,TE
Lucas Krull,"https://static.www.nfl.com/image/upload/f_auto,q_auto/league/eolvpkk5jjmipuqmf5v6",Lucas Krull,00-0037539,4360231,55127,TE,DEN,2022,2026,ACT,Lucas Krull 24,DEN,TE
Luke Farrell,"https://static.www.nfl.com/image/upload/f_auto,q_auto/league/sccmpo8xbzdbjasmwcfj",Luke Farrell,00-0036887,4040612,53574,TE,SF,2021,2026,ACT,Luke Farrell; Luke Farrell 24,JAX; SF,TE
Luke McCaffrey,"https://static.www.nfl.com/image/upload/f_auto,q_auto/league/iqzscuxu9lxjfhoyxsjg",Luke McCaffrey,00-0039355,4426948,57221,WR,WAS,2024,2026,ACT,Luke McCaffrey 24,WAS,WR
Luke Musgrave,"https://static.www.nfl.com/image/upload/f_auto,q_auto/league/erqld7keza48co6umuaa",Luke Musgrave,00-0039144,4428085,55907,TE,GB,2023,2026,ACT,Luke Musgrave,GB,TE
Luke Schoonmaker,"https://static.www.nfl.com/image/upload/f_auto,q_auto/league/mjaidpltef1ctqwrk5o5",Luke Schoonmaker,00-0038547,4372096,55923,TE,DAL,2023,2026,ACT,Luke Schoonmaker; Luke Schoonmaker 24,DAL,TE
Luther Burden III,"https://static.www.nfl.com/image/upload/f_auto,q_auto/league/iyuwdz7pbowdkwzq2tg5",Luther Burden III,00-0040735,4685278,58244,WR,CHI,2025,2026,ACT,Luther Burden III,CHI,WR
Lynn Bowden,"https://static.www.nfl.com/image/private/f_auto,q_auto/league/nrvwudvuqxpmiegmjzdu",Lynn Bowden,00-0036364,4259979,52488,WR,NO,2020,2023,ACT,Lynn Bowden,NO,WR
Mack Hollins,"https://static.www.nfl.com/image/upload/f_auto,q_auto/league/qbz7whjzsittudcecezw",Mack Hollins,00-0033555,2991662,44931,WR,NE,2017,2026,ACT,Mack Hollins; Mack Hollins 24,ATL; BUF; NE,WR
Malik Davis,"https://static.www.nfl.com/image/upload/f_auto,q_auto/league/mdjhv8xuitxkn7oefwty",Malik Davis,00-0037563,4240603,55151,RB,DAL,2022,2026,ACT,Malik Davis,DAL,RB
Malik Heath,"https://static.www.nfl.com/image/upload/f_auto,q_auto/league/gtvkkadrxfzlj1qxshhx",Malik Heath,00-0038465,4689334,56220,WR,ATL,2023,2026,RFA,Malik Heath,GB,WR
Malik Nabers,"https://static.www.nfl.com/image/upload/f_auto,q_auto/league/w3edoyyuomqlovvp9ixc",Malik Nabers,00-0039337,4595348,57127,WR,NYG,2024,2026,ACT,Malik Nabers; Malik Nabers 24,NYG,WR
Malik Washington,"https://static.www.nfl.com/image/upload/f_auto,q_auto/league/kwcgtsbpd0rpwsgq2npe",Malik Washington,00-0039880,4569603,57304,WR,MIA,2024,2026,ACT,Malik Washington; Malik Washington 24,MIA,WR
Mark Andrews,"https://static.www.nfl.com/image/upload/f_auto,q_auto/league/wzx3p0hzm3qyqsrfqznb",Mark Andrews,00-0034753,3116365,46155,TE,BAL,2018,2026,ACT,Mark Andrews; Mark Andrews 24,BLT,TE
Marquez Valdes-Scantling,"https://static.www.nfl.com/image/upload/f_auto,q_auto/league/vvk5v3hfjw0tevqxrhnf",Marquez Valdes-Scantling,00-0034272,3051738,46243,WR,DAL,2018,2026,ACT,Marquez Valdes-Scantling; Marquez Valdes-Scantling 24,KC; NO; PIT,WR
Marquise Brown,"https://static.www.nfl.com/image/upload/f_auto,q_auto/league/ixuddegcphzmvjn4jq6r",Marquise Brown,00-0035662,4241372,47808,WR,PHI,2019,2026,ACT,Marquise Brown,ARZ; KC,WR
Marvin Harrison Jr.,"https://static.www.nfl.com/image/upload/f_auto,q_auto/league/hwpoo1icpnh8emjvqaii",Marvin Harrison Jr.,00-0039849,4432708,57125,WR,AZ,2024,2026,ACT,Marvin Harrison Jr.; Marvin Harrison Jr. 24,ARZ,WR
Marvin Mims Jr.,"https://static.www.nfl.com/image/upload/f_auto,q_auto/league/zbdjtph5xplbf4yocz0l",Marvin Mims Jr.,00-0038976,4686472,55928,WR,DEN,2023,2026,ACT,Marvin Mims Jr.; Marvin Mims Jr. 24,DEN,WR
Mason Taylor,"https://static.www.nfl.com/image/upload/f_auto,q_auto/league/bk7wjtjt7dpc5qsuil4z",Mason Taylor,00-0040736,4808766,58247,TE,NYJ,2025,2026,ACT,Mason Taylor,NYJ,TE
Mason Tipton,"https://static.www.nfl.com/image/upload/f_auto,q_auto/league/ec09iyl2olrttgosoo8i",Mason Tipton,00-0039623,4573697,57751,WR,NO,2024,2026,ACT,Mason Tipton; Mason Tipton 24,NO,WR
Matt Breida,"https://static.www.nfl.com/image/private/f_auto,q_auto/league/rc4m1xw0xmtsrxswd0bg",Matt Breida,00-0033308,3049916,45186,RB,NYG,2017,2023,ACT,Matt Breida,NYG,RB
Matthew Golden,"https://static.www.nfl.com/image/upload/f_auto,q_auto/league/gkbhlytvkltv5whjo3ru",Matthew Golden,00-0040667,4701936,58225,WR,GB,2025,2026,ACT,Matthew Golden,GB,WR
Michael Carter,"https://static.www.nfl.com/image/upload/f_auto,q_auto/league/e1y7zhd7w3xbthodfa3m",Michael Carter,00-0036924,4240657,53536,RB,TEN,2021,2026,ACT,Michael Carter,ARZ,RB
Michael Gallup,"https://static.www.nfl.com/image/private/f_auto,q_auto/league/tt9xpcg4x2z3osc1fcq6",Michael Gallup,00-0034764,4036348,46150,WR,DAL,2018,2023,ACT,Michael Gallup,DAL,WR
Michael Mayer,"https://static.www.nfl.com/image/upload/f_auto,q_auto/league/crb4nzumiww6ftxcyiqm",Michael Mayer,00-0039066,4429086,55900,TE,LV,2023,2026,ACT,Michael Mayer; Michael Mayer 24,LV,TE
Michael Pittman,"https://static.www.nfl.com/image/upload/f_auto,q_auto/league/z78xpye9hing1e7wke8b",Michael Pittman,00-0036252,4035687,52442,WR,PIT,2020,2026,ACT,Michael Pittman; Michael Pittman 24,IND,WR
Michael Thomas,"https://static.www.nfl.com/image/private/f_auto,q_auto/league/sxldsbuw65hfmkzqhw96",Michael Thomas,00-0032765,2976316,43336,WR,NO,2016,2023,RES,Michael Thomas,NO,WR
Michael Wilson,"https://static.www.nfl.com/image/upload/f_auto,q_auto/league/yc8awtck004bz2a5oeb8",Michael Wilson,00-0038559,4360761,55959,WR,AZ,2023,2026,ACT,Michael Wilson; Michael Wilson 24,ARZ,WR
Mike Evans,"https://static.www.nfl.com/image/upload/f_auto,q_auto/league/yaxorbdsvk1ucfuiyrkj",Mike Evans,00-0031408,16737,41233,WR,SF,2014,2026,ACT,Mike Evans; Mike Evans 24,TB,WR
Mike Gesicki,"https://static.www.nfl.com/image/upload/f_auto,q_auto/league/mfswo0trev4oi2gnb41e",Mike Gesicki,00-0034829,3116164,46111,TE,CIN,2018,2026,ACT,Mike Gesicki; Mike Gesicki 24,CIN; NE,TE
Mike Williams,"https://static.www.nfl.com/image/upload/f_auto,q_auto/league/atprqcuqsl4spdak76fy",Mike Williams,00-0033536,3045138,44819,WR,LAC,2017,2025,NWT,Mike Williams; Mike Williams 24,LAC; PIT,WR
Mike Woods,"https://static.www.nfl.com/image/private/f_auto,q_auto/league/qlps63mn8jfsvqgf7cub",Mike Woods,00-0037300,4360174,54667,WR,DEN,2022,2026,ACT,Mike Woods 24,CLV,WR
Miles Sanders,"https://static.www.nfl.com/image/upload/f_auto,q_auto/league/niyjjkzmxjmesftgjs8y",Miles Sanders,00-0035243,4045163,47836,RB,DAL,2019,2026,UFA,Miles Sanders; Miles Sanders 24,CAR,RB
Mitchell Evans,"https://static.www.nfl.com/image/upload/f_auto,q_auto/league/gbu3iik4i1mi6vllmwlz",Mitchell Evans,00-0040187,4683243,58368,TE,CAR,2025,2026,ACT,Mitchell Evans,CAR,TE
Mitchell Tinsley,"https://static.www.nfl.com/image/upload/f_auto,q_auto/league/t4h8qtzndtvf6is6naew",Mitchell Tinsley,00-0038839,4690070,56559,WR,CIN,2023,2026,ACT,Mitchell Tinsley,CIN,WR
Mo Alie-Cox,"https://static.www.nfl.com/image/upload/f_auto,q_auto/league/qss1euhktuj7qje9heoi",Mo Alie-Cox,00-0033217,2998565,44792,TE,IND,2017,2026,ACT,Mo Alie-Cox; Mo Alie-Cox 24,IND,TE
MyCole Pruitt,"https://static.www.nfl.com/image/upload/f_auto,q_auto/league/jazo8egu5luwyxxcpjh8",MyCole Pruitt,00-0031585,2508256,42486,TE,PIT,2015,2024,ACT,MyCole Pruitt,ATL,TE
Najee Harris,"https://static.www.nfl.com/image/upload/f_auto,q_auto/league/grfxgbvqnzz40r7rdtvk",Najee Harris,00-0036893,4241457,53453,RB,LAC,2021,2026,UFA,Najee Harris; Najee Harris 24,PIT,RB
Nate Adkins,"https://static.www.nfl.com/image/upload/f_auto,q_auto/league/k3js5r3a9fl0q2gghqmv",Nate Adkins,00-0038783,4383440,56502,TE,DEN,2023,2026,ACT,Nate Adkins 24,DEN,TE
Nelson Agholor,"https://static.www.nfl.com/image/upload/f_auto,q_auto/league/wyxfkarcjgqdz3pl8nnr",Nelson Agholor,00-0031549,2971618,42363,WR,BAL,2015,2024,ACT,Nelson Agholor; Nelson Agholor 24,BLT,WR
Nick Chubb,"https://static.www.nfl.com/image/upload/f_auto,q_auto/league/h5y74trx6l8ivpkbmrkt",Nick Chubb,00-0034791,3128720,46104,RB,HOU,2018,2026,UFA,Nick Chubb; Nick Chubb 24,CLV; HST,RB
Nick Vannett,"https://static.www.nfl.com/image/upload/f_auto,q_auto/league/srrlkx2mydsb8gfco6fp",Nick Vannett,00-0032394,2576399,43383,TE,LA,2016,2026,UFA,Nick Vannett 24,TEN,TE
Nick Westbrook-Ikhine,"https://static.www.nfl.com/image/upload/f_auto,q_auto/league/plgwfjcbl5quoi2jrass",Nick Westbrook-Ikhine,00-0036182,3929785,53074,WR,IND,2020,2026,ACT,Nick Westbrook-Ikhine; Nick Westbrook-Ikhine 24,MIA; TEN,WR
Nico Collins,"https://static.www.nfl.com/image/upload/f_auto,q_auto/league/osmqyvmib3pssxi6cyic",Nico Collins,00-0036554,4258173,53518,WR,HOU,2021,2026,ACT,Nico Collins; Nico Collins 24,HST,WR
Noah Brown,"https://static.www.nfl.com/image/upload/f_auto,q_auto/league/nv6ix0p8965yiugsuhwh",Noah Brown,00-0033591,3121409,45052,WR,WAS,2017,2026,UFA,Noah Brown; Noah Brown 24,HST; WAS,WR
Noah Fant,"https://static.www.nfl.com/image/upload/f_auto,q_auto/league/s4idwk38z6bin9lnnw9f",Noah Fant,00-0035644,4036131,47803,TE,NO,2019,2026,ACT,Noah Fant; Noah Fant 24,CIN; SEA,TE
Noah Gray,"https://static.www.nfl.com/image/upload/f_auto,q_auto/league/yugngcrdfxh0nwzl4zwp",Noah Gray,00-0036637,4240472,53591,TE,KC,2021,2026,ACT,Noah Gray; Noah Gray 24,KC,TE
Odell Beckham Jr.,"https://static.www.nfl.com/image/upload/f_auto,q_auto/league/ffmalg3wr7lwnsz59i7v",Odell Beckham Jr.,00-0031235,16733,41238,WR,MIA,2014,2024,CUT,Odell Beckham Jr.; Odell Beckham Jr. 24,BLT; MIA,WR
Olamide Zaccheaus,"https://static.www.nfl.com/image/upload/f_auto,q_auto/league/ucpai2odeunecbe6o1dj",Olamide Zaccheaus,00-0035208,3917914,48374,WR,ATL,2019,2026,ACT,Olamide Zaccheaus; Olamide Zaccheaus 24,CHI; PHI; WAS,WR
Ollie Gordon II,"https://static.www.nfl.com/image/upload/f_auto,q_auto/league/bv33rgypaauv7sealwkr",Ollie Gordon II,00-0040198,4711533,58384,RB,MIA,2025,2026,ACT,Ollie Gordon II,MIA,RB
Omarion Hampton,"https://static.www.nfl.com/image/upload/f_auto,q_auto/league/ck7xcbwuka7wu2zwhssk",Omarion Hampton,00-0040666,4685382,58224,RB,LAC,2025,2026,ACT,Omarion Hampton,LAC,RB
Oronde Gadsden II,"https://static.www.nfl.com/image/upload/f_auto,q_auto/league/r8b4oghjwhw8x9nv1wbs",Oronde Gadsden II,00-0040189,4595342,58370,TE,LAC,2025,2026,ACT,Oronde Gadsden II,LAC,TE
Parker Washington,"https://static.www.nfl.com/image/upload/f_auto,q_auto/league/sqgxayp6nrrpvwonksdm",Parker Washington,00-0038606,4432620,56050,WR,JAX,2023,2026,ACT,Parker Washington; Parker Washington 24,JAX,WR
Parris Campbell,"https://static.www.nfl.com/image/upload/f_auto,q_auto/league/pmb3ypquiy5a2qzzmio4",Parris Campbell,00-0035639,3121410,47842,WR,DAL,2019,2026,ACT,Parris Campbell,NYG,WR
Pat Bryant,"https://static.www.nfl.com/image/upload/f_auto,q_auto/league/ljo1rgbaewlzsf7tvavm",Pat Bryant,00-0040134,4600981,58279,WR,DEN,2025,2026,ACT,Pat Bryant,DEN,WR
Pat Freiermuth,"https://static.www.nfl.com/image/upload/f_auto,q_auto/league/vmwioi77upc9hqwaskfa",Pat Freiermuth,00-0036894,4361411,53484,TE,PIT,2021,2026,ACT,Pat Freiermuth; Pat Freiermuth 24,PIT,TE
Patrick Taylor,"https://static.www.nfl.com/image/upload/f_auto,q_auto/league/nd1utxii5exwfoujq5a4",Patrick Taylor,00-0035973,4039358,52875,RB,SF,2020,2026,ACT,Patrick Taylor; Patrick Taylor 24,GB; SF,RB
Payne Durham,"https://static.www.nfl.com/image/upload/f_auto,q_auto/league/ijjyd8bvvkjttepqv82u",Payne Durham,00-0039050,4372505,56036,TE,TB,2023,2026,ACT,Payne Durham; Payne Durham 24,TB,TE
Pharaoh Brown,"https://static.www.nfl.com/image/upload/f_auto,q_auto/league/hfgg6gr7aiyzmdzh4iww",Pharaoh Brown,00-0033439,2971281,45339,TE,AZ,2017,2026,UFA,Pharaoh Brown,NE,TE
Pierre Strong,"https://static.www.nfl.com/image/upload/f_auto,q_auto/league/xvsnviejqwulftgrccpb",Pierre Strong,00-0038098,4249836,54592,RB,GB,2022,2026,ACT,Pierre Strong; Pierre Strong 24,CLV,RB
Puka Nacua,"https://static.www.nfl.com/image/upload/f_auto,q_auto/league/zvi4hdm6fywcekfe7ceb",Puka Nacua,00-0039075,4426515,56042,WR,LA,2023,2026,ACT,Puka Nacua; Puka Nacua 24,LA,WR
Quentin Johnston,"https://static.www.nfl.com/image/upload/f_auto,q_auto/league/bpzdpin1xp1kjxmbkq6d",Quentin Johnston,00-0038544,4429025,55885,WR,LAC,2023,2026,ACT,Quentin Johnston; Quentin Johnston 24,LAC,WR
Quez Watkins,"https://static.www.nfl.com/image/upload/f_auto,q_auto/league/srfbu8ebsckazo1jlzys",Quez Watkins,00-0036271,4050373,52608,WR,PHI,2020,2026,ACT,Quez Watkins,PHI,WR
Quinshon Judkins,"https://static.www.nfl.com/image/upload/f_auto,q_auto/league/ojtce2im0wp2ltyel0vc",Quinshon Judkins,00-0040784,4685702,58241,RB,CLE,2025,2026,ACT,Quinshon Judkins,CLV,RB
RJ Harvey,"https://static.www.nfl.com/image/upload/f_auto,q_auto/league/i1qxzydetb2orrynzvzk",RJ Harvey,00-0040730,4568490,58265,RB,DEN,2025,2026,ACT,RJ Harvey,DEN,RB
Rachaad White,"https://static.www.nfl.com/image/upload/f_auto,q_auto/league/sxugbms8ketvgmilnlu3",Rachaad White,00-0037256,4697815,54556,RB,WAS,2022,2026,ACT,Rachaad White; Rachaad White 24,TB,RB
Raheem Mostert,"https://static.www.nfl.com/image/upload/f_auto,q_auto/league/fas5rkweusx2hl7abtzh",Raheem Mostert,00-0031687,2576414,42718,RB,LV,2015,2026,UFA,Raheem Mostert; Raheem Mostert 24,MIA,RB
Rakim Jarrett,"https://static.www.nfl.com/image/upload/f_auto,q_auto/league/clvmliknnulpmcoofvik",Rakim Jarrett,00-0038821,4429006,56541,WR,PIT,2023,2025,CUT,Rakim Jarrett 24,TB,WR
Randall Cobb,"https://static.www.nfl.com/image/private/f_auto,q_auto/league/kuwo5hnkbtesfw6n9w1s",Randall Cobb,00-0028002,14053,37139,WR,NYJ,2011,2023,ACT,Randall Cobb,NYJ,WR
Rashee Rice,"https://static.www.nfl.com/image/upload/f_auto,q_auto/league/iy0uidp9wokc6a7u8lwq",Rashee Rice,00-0039067,4428331,55920,WR,KC,2023,2026,ACT,Rashee Rice,KC,WR
Rashid Shaheed,"https://static.www.nfl.com/image/upload/f_auto,q_auto/league/ynsy489xqmiwt5q9whty",Rashid Shaheed,00-0037545,4032473,55133,WR,SEA,2022,2026,ACT,Rashid Shaheed; Rashid Shaheed 24,NO; SEA,WR
Rashod Bateman,"https://static.www.nfl.com/image/upload/f_auto,q_auto/league/gtktmsfcxc1eijwpwzyq",Rashod Bateman,00-0036550,4360939,53456,WR,BAL,2021,2026,ACT,Rashod Bateman; Rashod Bateman 24,BLT,WR
Ray Davis,"https://static.www.nfl.com/image/upload/f_auto,q_auto/league/pm9llppbueodtjjj9u8l",Ray Davis,00-0039875,4429501,57249,RB,BUF,2024,2026,ACT,Ray Davis; Ray Davis 24,BUF,RB
Ray-Ray McCloud,"https://static.www.nfl.com/image/upload/f_auto,q_auto/league/nvwn3sdihyyd2itjt7vy",Ray-Ray McCloud,00-0034407,3728262,46256,WR,NYG,2018,2025,CUT,Ray-Ray McCloud; Ray-Ray McCloud 24,ATL; NYG; SF,WR
Rhamondre Stevenson,"https://static.www.nfl.com/image/upload/f_auto,q_auto/league/ed09migntlyy8ntgvcu1",Rhamondre Stevenson,00-0036875,4569173,53549,RB,NE,2021,2026,ACT,Rhamondre Stevenson; Rhamondre Stevenson 24,NE,RB
Ricky Pearsall,"https://static.www.nfl.com/image/upload/f_auto,q_auto/league/ko3lwlcfkxaykcspt4nw",Ricky Pearsall,00-0039916,4428209,57152,WR,SF,2024,2026,ACT,Ricky Pearsall; Ricky Pearsall 24,SF,WR
Rico Dowdle,"https://static.www.nfl.com/image/upload/f_auto,q_auto/league/cvnrzndsiaojvvxz8vo5",Rico Dowdle,00-0036139,4038815,53041,RB,PIT,2020,2026,ACT,Rico Dowdle; Rico Dowdle 24,CAR; DAL,RB
Robert Tonyan,"https://static.www.nfl.com/image/upload/f_auto,q_auto/league/m8h8rzmxq4sjywitqnyb",Robert Tonyan,00-0033757,2975674,45635,TE,KC,2017,2026,UFA,Robert Tonyan,CHI,TE
Robert Woods,"https://static.www.nfl.com/image/upload/f_auto,q_auto/league/ydjg5fylwkf5aaxiul6v",Robert Woods,00-0030431,15880,39989,WR,HOU,2013,2024,ACT,Robert Woods; Robert Woods 24,HST,WR
Roman Wilson,"https://static.www.nfl.com/image/upload/f_auto,q_auto/league/kcwymznjg9q8n8i7f4rc",Roman Wilson,00-0039739,4431492,57205,WR,PIT,2024,2026,ACT,Roman Wilson,PIT,WR
Rome Odunze,"https://static.www.nfl.com/image/upload/f_auto,q_auto/league/yqjdhpsno75du0n72u4w",Rome Odunze,00-0039919,4431299,57130,WR,CHI,2024,2026,ACT,Rome Odunze; Rome Odunze 24,CHI,WR
Romeo Doubs,"https://static.www.nfl.com/image/upload/f_auto,q_auto/league/ov2llp1bfetznmngqybi",Romeo Doubs,00-0037816,4361432,54597,WR,NE,2022,2026,ACT,Romeo Doubs; Romeo Doubs 24,GB,WR
Rondale Moore,"https://static.www.nfl.com/image/upload/f_auto,q_auto/league/v9s3rloekxbv6seesizb",Rondale Moore,00-0036936,4372485,53478,WR,MIN,2021,2025,RES,Rondale Moore,ARZ,WR
Roschon Johnson,"https://static.www.nfl.com/image/upload/f_auto,q_auto/league/gxzw5kntjivjixre9whh",Roschon Johnson,00-0039021,4426386,55980,RB,CHI,2023,2026,ACT,Roschon Johnson; Roschon Johnson 24,CHI,RB
Royce Freeman,"https://static.www.nfl.com/image/upload/f_auto,q_auto/league/qs4e1hiqj9xymlqk6yas",Royce Freeman,00-0034838,3122672,46140,RB,LAC,2018,2025,DEV,Royce Freeman,LA,RB
Ryan Flournoy,"https://static.www.nfl.com/image/upload/f_auto,q_auto/league/tqwq3cgpqu7j9hzoyicx",Ryan Flournoy,00-0039410,5083754,57336,WR,DAL,2024,2026,ACT,Ryan Flournoy,DAL,WR
Ryan Miller,"https://static.www.nfl.com/image/upload/f_auto,q_auto/league/lakkaed2btx1ndkqj2pt",Ryan Miller,00-0038824,4369466,56544,WR,NYG,2023,2026,ACT,Ryan Miller 24,TB,WR
Sam LaPorta,"https://static.www.nfl.com/image/upload/f_auto,q_auto/league/qfcy3taaoage00rrl0cc",Sam LaPorta,00-0039065,4430027,55899,TE,DET,2023,2026,ACT,Sam LaPorta; Sam LaPorta 24,DET,TE
Samaje Perine,"https://static.www.nfl.com/image/upload/f_auto,q_auto/league/ur3jv6biq0pefkrgpzty",Samaje Perine,00-0033526,3116389,44927,RB,CIN,2017,2026,ACT,Samaje Perine; Samaje Perine 24,CIN; DEN; KC,RB
Saquon Barkley,"https://static.www.nfl.com/image/upload/f_auto,q_auto/league/ern1nbhivkmwkg82c7v1",Saquon Barkley,00-0034844,3929630,46071,RB,PHI,2018,2026,ACT,Saquon Barkley; Saquon Barkley 24,NYG; PHI,RB
Scott Miller,"https://static.www.nfl.com/image/upload/f_auto,q_auto/league/mlx2xhjvzt6pqwgoloqa",Scott Miller,00-0035298,3914397,47991,WR,CHI,2019,2026,ACT,Scott Miller,ATL,WR
Sean Tucker,"https://static.www.nfl.com/image/upload/f_auto,q_auto/league/zyzp7e2gos47ebzur9gi",Sean Tucker,00-0038951,4430871,56663,RB,TB,2023,2026,ACT,Sean Tucker; Sean Tucker 24,TB,RB
Simi Fehoko,"https://static.www.nfl.com/image/upload/f_auto,q_auto/league/kbnk59cdzp2opegnrom8",Simi Fehoko,00-0036646,4360739,53608,WR,AZ,2021,2026,ACT,Simi Fehoko 24,LAC,WR
Skyy Moore,"https://static.www.nfl.com/image/upload/f_auto,q_auto/league/fadcpretmhczwjq8ovae",Skyy Moore,00-0038090,4430191,54519,WR,GB,2022,2026,ACT,Skyy Moore,KC,WR
Stefon Diggs,"https://static.www.nfl.com/image/upload/f_auto,q_auto/league/cemcexmscsarpvwhafln",Stefon Diggs,00-0031588,2976212,42489,WR,NE,2015,2026,UFA,Stefon Diggs; Stefon Diggs 24,BUF; HST; NE,WR
Stephen Sullivan,"https://static.www.nfl.com/image/upload/f_auto,q_auto/league/miipmedtauhxf4tmilcs",Stephen Sullivan,00-0036438,4035426,52659,TE,CAR,2020,2024,DEV,Stephen Sullivan,CAR,TE
Sterling Shepard,"https://static.www.nfl.com/image/upload/f_auto,q_auto/league/l47czwi8aaznnit0se5h",Sterling Shepard,00-0032385,2976592,43329,WR,TB,2016,2026,UFA,Sterling Shepard; Sterling Shepard 24,TB,WR
Stone Smartt,"https://static.www.nfl.com/image/upload/f_auto,q_auto/league/fdmnvrjgz8cqnxjtukzd",Stone Smartt,00-0037475,4250764,55061,TE,PHI,2022,2026,ACT,Stone Smartt; Stone Smartt 24,LAC,TE
T.J. Hockenson,"https://static.www.nfl.com/image/upload/f_auto,q_auto/league/rs8o65x0u0n9xzde0fd6",T.J. Hockenson,00-0035229,4036133,47791,TE,MIN,2019,2026,ACT,T.J. Hockenson; T.J. Hockenson 24,MIN,TE
Tank Bigsby,"https://static.www.nfl.com/image/upload/f_auto,q_auto/league/nin8aexyipca7g7u7f4a",Tank Bigsby,00-0038555,4429013,55953,RB,PHI,2023,2026,ACT,Tank Bigsby; Tank Bigsby 24,JAX; PHI,RB
Tank Dell,"https://static.www.nfl.com/image/upload/f_auto,q_auto/league/ykyiamjbjkjklnnttisw",Tank Dell,00-0038977,4366031,55934,WR,HOU,2023,2026,ACT,Tank Dell; Tank Dell 24,HST,WR
Tanner Conner,"https://static.www.nfl.com/image/upload/f_auto,q_auto/league/ndhpqkxblrd3vcbcfadw",Tanner Conner,00-0037348,4047422,54931,TE,NYG,2022,2026,ACT,Tanner Conner,MIA,TE
Tanner Hudson,"https://static.www.nfl.com/image/upload/f_auto,q_auto/league/xe86peg3bxumjzfmtait",Tanner Hudson,00-0034613,3050481,46797,TE,CIN,2018,2026,ACT,Tanner Hudson,CIN,TE
Tee Higgins,"https://static.www.nfl.com/image/upload/f_auto,q_auto/league/flr9f8oqigbyroeaubxb",Tee Higgins,00-0036410,4239993,52441,WR,CIN,2020,2026,ACT,Tee Higgins; Tee Higgins 24,CIN,WR
Terrace Marshall Jr.,"https://static.www.nfl.com/image/upload/f_auto,q_auto/league/a2yarai1371wellve3nq",Terrace Marshall Jr.,00-0036955,4362630,53488,WR,MIA,2021,2026,ACT,Terrace Marshall Jr.,CAR,WR
Terrance Ferguson,"https://static.www.nfl.com/image/upload/f_auto,q_auto/league/usa23ax8dratptvikr9a",Terrance Ferguson,00-0040737,4570037,58251,TE,LA,2025,2026,ACT,Terrance Ferguson,LA,TE
Terry McLaurin,"https://static.www.nfl.com/image/upload/f_auto,q_auto/league/wokz1etv1wj1vhbmvxgs",Terry McLaurin,00-0035659,3121422,47859,WR,WAS,2019,2026,ACT,Terry McLaurin; Terry McLaurin 24,WAS,WR
Tetairoa McMillan,"https://static.www.nfl.com/image/upload/f_auto,q_auto/league/hokqp6gl5xujtlqwecg8",Tetairoa McMillan,00-0040124,4685472,58210,WR,CAR,2025,2026,ACT,Tetairoa McMillan,CAR,WR
Tez Johnson,"https://static.www.nfl.com/image/upload/f_auto,q_auto/league/zjtu1bcayjh9qunkxs9z",Tez Johnson,00-0040237,4608810,58440,WR,TB,2025,2026,ACT,Tez Johnson,TB,WR
Theo Johnson,"https://static.www.nfl.com/image/upload/f_auto,q_auto/league/naoiheinxogchairenzf",Theo Johnson,00-0039847,4429148,57228,TE,NYG,2024,2026,ACT,Theo Johnson; Theo Johnson 24,NYG,TE
Tim Jones,"https://static.www.nfl.com/image/upload/f_auto,q_auto/league/gimunqcnpgtctbdba53c",Tim Jones,00-0036497,4245131,53707,WR,JAX,2021,2026,ACT,Tim Jones,JAX,WR
Tim Patrick,"https://static.www.nfl.com/image/upload/f_auto,q_auto/league/ovltsc9sdoo5e62fpa9b",Tim Patrick,00-0033375,3134353,45267,WR,NYJ,2017,2026,ACT,Tim Patrick; Tim Patrick 24,DET; JAX,WR
Tip Reiman,"https://static.www.nfl.com/image/upload/f_auto,q_auto/league/ep1rsbi0visivscxnezd",Tip Reiman,00-0039737,4696700,57203,TE,AZ,2024,2026,ACT,Tip Reiman 24,ARZ,TE
Tommy Tremble,"https://static.www.nfl.com/image/upload/f_auto,q_auto/league/j0atbeflgj05pldxfon6",Tommy Tremble,00-0037005,4372780,53512,TE,CAR,2021,2026,ACT,Tommy Tremble; Tommy Tremble 24,CAR,TE
Tony Pollard,"https://static.www.nfl.com/image/upload/f_auto,q_auto/league/dvpdczetkdhrqpm8izmd",Tony Pollard,00-0035261,3916148,47911,RB,TEN,2019,2026,ACT,Tony Pollard; Tony Pollard 24,DAL; TEN,RB
Tory Horton,"https://static.www.nfl.com/image/upload/f_auto,q_auto/league/vpgs86vlcp3gejw6tget",Tory Horton,00-0040648,4597703,58371,WR,SEA,2025,2026,ACT,Tory Horton,SEA,WR
Travis Etienne,"https://static.www.nfl.com/image/upload/f_auto,q_auto/league/gc0iljgj34piecyfueyd",Travis Etienne,00-0036973,4239996,53454,RB,NO,2021,2026,ACT,Travis Etienne; Travis Etienne 24,JAX,RB
Travis Hunter,"https://static.www.nfl.com/image/upload/f_auto,q_auto/league/apfzii6u8pwj9ntvyfkk",Travis Hunter,00-0040718,4685415,58204,CB,JAX,2025,2026,ACT,Travis Hunter,JAX,WR
Travis Kelce,"https://static.www.nfl.com/image/upload/f_auto,q_auto/league/ebc5j60djpinc9elvlc5",Travis Kelce,00-0030506,15847,40011,TE,KC,2013,2026,ACT,Travis Kelce; Travis Kelce 24,KC,TE
Trayveon Williams,"https://static.www.nfl.com/image/upload/f_auto,q_auto/league/zwei0idpruplnhlmpfkr",Trayveon Williams,00-0035291,4035222,47965,RB,CLE,2019,2026,UFA,Trayveon Williams,CIN,RB
Tre Harris,"https://static.www.nfl.com/image/upload/f_auto,q_auto/league/vfjekjvrfpbmskmuwoz9",Tre Harris,00-0040727,4686612,58260,WR,LAC,2025,2026,ACT,Tre Harris,LAC,WR
Tre Tucker,"https://static.www.nfl.com/image/upload/f_auto,q_auto/league/fsx05ats4azj8mus03d4",Tre Tucker,00-0038563,4428718,55965,WR,LV,2023,2026,ACT,Tre Tucker; Tre Tucker 24,LV,WR
TreVeyon Henderson,"https://static.www.nfl.com/image/upload/f_auto,q_auto/league/cfcux3dnfmbmz3qzrnco",TreVeyon Henderson,00-0040734,4432710,58243,RB,NE,2025,2026,ACT,TreVeyon Henderson,NE,RB
Trent Sherfield,"https://static.www.nfl.com/image/upload/f_auto,q_auto/league/euvbflse91irfzlk7yiq",Trent Sherfield,00-0034487,3122168,46671,WR,BUF,2018,2026,ACT,Trent Sherfield,BUF,WR
Trenton Irwin,"https://static.www.nfl.com/image/upload/f_auto,q_auto/league/xqipuwaysjsl9xhtqblt",Trenton Irwin,00-0035341,3931391,48471,WR,NYJ,2019,2025,DEV,Trenton Irwin,CIN,WR
Trevon Wesco,"https://static.www.nfl.com/image/private/f_auto,q_auto/league/ptq3iidy6uyg3f31gjl5",Trevon Wesco,00-0035259,4039253,47904,TE,LV,2019,2024,CUT,Trevon Wesco,TEN,TE
Trey Benson,"https://static.www.nfl.com/image/upload/f_auto,q_auto/league/x2bxb0fd54ffwwdu5scz",Trey Benson,00-0039921,4429275,57187,RB,AZ,2024,2026,ACT,Trey Benson 24,ARZ,RB
Trey McBride,"https://static.www.nfl.com/image/upload/f_auto,q_auto/league/vd7av3vdfs6q7ncjogac",Trey McBride,00-0037744,4361307,54520,TE,AZ,2022,2026,ACT,Trey McBride; Trey McBride 24,ARZ,TE
Trey Palmer,"https://static.www.nfl.com/image/upload/f_auto,q_auto/league/ptc6qdhbltadeencvb9r",Trey Palmer,00-0039052,4426407,56056,WR,NO,2023,2026,ACT,Trey Palmer; Trey Palmer 24,TB,WR
Trey Sermon,"https://static.www.nfl.com/image/upload/f_auto,q_auto/league/eqhl3xiczodsyqlmsxvr",Trey Sermon,00-0036984,4241401,53517,RB,PIT,2021,2025,DEV,Trey Sermon 24,IND,RB
Treylon Burks,"https://static.www.nfl.com/image/upload/f_auto,q_auto/league/dkgspszcaouw7lkpjmio",Treylon Burks,00-0037742,4567156,54483,WR,WAS,2022,2026,ACT,Treylon Burks,TEN; WAS,WR
Troy Franklin,"https://static.www.nfl.com/image/upload/f_auto,q_auto/league/belpdlyoda8cmzbvjkqh",Troy Franklin,00-0039868,4431280,57223,WR,DEN,2024,2026,ACT,Troy Franklin; Troy Franklin 24,DEN,WR
Tucker Kraft,"https://static.www.nfl.com/image/upload/f_auto,q_auto/league/yr6nj1zqaqg6nbdnxu3q",Tucker Kraft,00-0038996,4572680,55943,TE,GB,2023,2026,ACT,Tucker Kraft; Tucker Kraft 24,GB,TE
Tutu Atwell,"https://static.www.nfl.com/image/upload/f_auto,q_auto/league/twlslcaa7c2wblveaafu",Tutu Atwell,00-0036849,4360797,53486,WR,MIA,2021,2026,ACT,Tutu Atwell; Tutu Atwell 24,LA,WR
Ty Chandler,"https://static.www.nfl.com/image/upload/f_auto,q_auto/league/i3urodji7vrb11n4pl06",Ty Chandler,00-0037276,4242431,54634,RB,NO,2022,2026,ACT,Ty Chandler; Ty Chandler 24,MIN,RB
Ty Johnson,"https://static.www.nfl.com/image/upload/f_auto,q_auto/league/hmnzcfm56ojey6myomjg",Ty Johnson,00-0035537,3915411,47969,RB,BUF,2019,2026,ACT,Ty Johnson; Ty Johnson 24,BUF,RB
Tyjae Spears,"https://static.www.nfl.com/image/upload/f_auto,q_auto/league/fc7vhbtw80einad9hsfu",Tyjae Spears,00-0039032,4428557,55946,RB,TEN,2023,2026,ACT,Tyjae Spears; Tyjae Spears 24,TEN,RB
Tyler Allgeier,"https://static.www.nfl.com/image/upload/f_auto,q_auto/league/buwaomfsz4y6orgb0cyg",Tyler Allgeier,00-0037263,4373626,54616,RB,AZ,2022,2026,ACT,Tyler Allgeier; Tyler Allgeier 24,ATL,RB
Tyler Badie,"https://static.www.nfl.com/image/upload/f_auto,q_auto/league/ger5eiktec0vzmrxjnaw",Tyler Badie,00-0037085,4362748,54661,RB,DEN,2022,2026,ACT,Tyler Badie,DEN,RB
Tyler Boyd,"https://static.www.nfl.com/image/upload/f_auto,q_auto/league/ttifog0hjxprlhkagugu",Tyler Boyd,00-0033009,3045144,43344,WR,TEN,2016,2024,ACT,Tyler Boyd; Tyler Boyd 24,CIN; TEN,WR
Tyler Conklin,"https://static.www.nfl.com/image/upload/f_auto,q_auto/league/knjuzxnzsfjxwcjxp5en",Tyler Conklin,00-0034270,3915486,46226,TE,DET,2018,2026,ACT,Tyler Conklin; Tyler Conklin 24,NYJ,TE
Tyler Higbee,"https://static.www.nfl.com/image/upload/f_auto,q_auto/league/x1d4osiefibd04df6gow",Tyler Higbee,00-0033110,2573401,43399,TE,LA,2016,2026,ACT,Tyler Higbee,LA,TE
Tyler Johnson,"https://static.www.nfl.com/image/upload/f_auto,q_auto/league/s6fg2hapxwa9efbrygxf",Tyler Johnson,00-0036427,2310331,52569,WR,DAL,2020,2026,ACT,Tyler Johnson; Tyler Johnson 24,LA; NYJ,WR
Tyler Lockett,"https://static.www.nfl.com/image/upload/f_auto,q_auto/league/gyhvviyep9iigeaobxmi",Tyler Lockett,00-0032211,2577327,42412,WR,LV,2015,2026,UFA,Tyler Lockett; Tyler Lockett 24,LV; SEA,WR
Tyler Scott,"https://static.www.nfl.com/image/upload/f_auto,q_auto/league/k6g5zzfxtkvu21okobss",Tyler Scott,00-0038941,4565908,55998,WR,LA,2023,2026,ACT,Tyler Scott,CHI,WR
Tyler Warren,"https://static.www.nfl.com/image/upload/f_auto,q_auto/league/jt2almbzdk0kbha39otb",Tyler Warren,00-0040128,4431459,58216,TE,IND,2025,2026,ACT,Tyler Warren,IND,TE
Tyquan Thornton,"https://static.www.nfl.com/image/upload/f_auto,q_auto/league/bjqzuempyiwxe0hl7e5a",Tyquan Thornton,00-0038104,4362921,54515,WR,KC,2022,2026,ACT,Tyquan Thornton,KC; NE,WR
Tyreek Hill,"https://static.www.nfl.com/image/upload/f_auto,q_auto/league/gg73gnfivrn80oyqwazl",Tyreek Hill,00-0033040,3116406,43454,WR,MIA,2016,2026,UFA,Tyreek Hill; Tyreek Hill 24,MIA,WR
Tyrell Shavers,"https://static.www.nfl.com/image/upload/f_auto,q_auto/league/mfazuecipz3csodtztwc",Tyrell Shavers,00-0038679,4241476,56369,WR,BUF,2023,2026,ACT,Tyrell Shavers,BUF,WR
Tyrone Tracy Jr.,"https://static.www.nfl.com/image/upload/f_auto,q_auto/league/b9nje50lohbprf06xoom",Tyrone Tracy Jr.,00-0039384,4360516,57287,RB,NYG,2024,2026,ACT,Tyrone Tracy Jr.; Tyrone Tracy Jr. 24,NYG,RB
Van Jefferson,"https://static.www.nfl.com/image/upload/f_auto,q_auto/league/aavlanyckqnsej61ulir",Van Jefferson,00-0036415,3930066,52465,WR,WAS,2020,2026,ACT,Van Jefferson; Van Jefferson 24,ATL; PIT; TEN,WR
Wan'Dale Robinson,"https://static.www.nfl.com/image/upload/f_auto,q_auto/league/yzcvyhmilvxedfjfjglc",Wan'Dale Robinson,00-0038117,4569587,54508,WR,TEN,2022,2026,ACT,Wan'Dale Robinson; Wan'Dale Robinson 24,NYG,WR
Will Dissly,"https://static.www.nfl.com/image/upload/f_auto,q_auto/league/b2s1wwxsgkenwlxmncu3",Will Dissly,00-0034159,3127292,46189,TE,LAC,2018,2026,UFA,Will Dissly; Will Dissly 24,LAC; SEA,TE
Will Mallory,"https://static.www.nfl.com/image/upload/f_auto,q_auto/league/iedvpzvx9rric1dyi3iy",Will Mallory,00-0038394,4362523,56027,TE,IND,2023,2026,ACT,Will Mallory,IND,TE
Woody Marks,"https://static.www.nfl.com/image/upload/f_auto,q_auto/league/pwvxisrnjitkkghkfcn3",Woody Marks,00-0040583,4429059,58321,RB,HOU,2025,2026,ACT,Woody Marks,HST,RB
Xavier Gipson,"https://static.www.nfl.com/image/upload/f_auto,q_auto/league/xmtz360jnxg9psmqifnp",Xavier Gipson,00-0038496,4427278,56252,WR,NYG,2023,2026,ACT,Xavier Gipson; Xavier Gipson 24,NYJ,WR
Xavier Hutchinson,"https://static.www.nfl.com/image/upload/f_auto,q_auto/league/hv3mfhadliph08b4pl4s",Xavier Hutchinson,00-0038618,4686422,56070,WR,HOU,2023,2026,ACT,Xavier Hutchinson; Xavier Hutchinson 24,HST,WR
Xavier Legette,"https://static.www.nfl.com/image/upload/f_auto,q_auto/league/j4jj8rvgzji7zut86ux7",Xavier Legette,00-0039342,4430034,57153,WR,CAR,2024,2026,ACT,Xavier Legette; Xavier Legette 24,CAR,WR
Xavier Smith,"https://static.www.nfl.com/image/upload/f_auto,q_auto/league/fk4gtziqefw5etqfylbe",Xavier Smith,00-0038359,4386544,56130,WR,LA,2023,2026,ACT,Xavier Smith,LA,WR
Xavier Weaver,"https://static.www.nfl.com/image/upload/f_auto,q_auto/league/bevrgazhjzigxagrb0qo",Xavier Weaver,00-0039521,4428811,57639,WR,AZ,2024,2026,ACT,Xavier Weaver,ARZ,WR
Xavier Worthy,"https://static.www.nfl.com/image/upload/f_auto,q_auto/league/ue6fp8xwnyo7ftvabbb8",Xavier Worthy,00-0039894,4683062,57149,WR,KC,2024,2026,ACT,Xavier Worthy; Xavier Worthy 24,KC,WR
Zach Charbonnet,"https://static.www.nfl.com/image/upload/f_auto,q_auto/league/jqbzg5e8pdltbnb7hc8p",Zach Charbonnet,00-0039165,4426385,55917,RB,SEA,2023,2026,ACT,Zach Charbonnet; Zach Charbonnet 24,SEA,RB
Zach Ertz,"https://static.www.nfl.com/image/upload/f_auto,q_auto/league/xktmmeumuoglbuam75iz",Zach Ertz,00-0030061,15835,39983,TE,WAS,2013,2026,UFA,Zach Ertz; Zach Ertz 24,ARZ; WAS,TE
Zack Moss,"https://static.www.nfl.com/image/upload/f_auto,q_auto/league/oxrltdgoquiabhihhgnk",Zack Moss,00-0036251,4035676,52494,RB,CIN,2020,2024,RES,Zack Moss; Zack Moss 24,CIN; IND,RB
Zamir White,"https://static.www.nfl.com/image/upload/f_auto,q_auto/league/jzthyqk2ld52f31ka1ir",Zamir White,00-0038040,4361777,54587,RB,LV,2022,2026,UFA,Zamir White; Zamir White 24,LV,RB
Zay Flowers,"https://static.www.nfl.com/image/upload/f_auto,q_auto/league/sqqh8gmxdpo55qwpsszj",Zay Flowers,00-0039064,4429615,55886,WR,BAL,2023,2026,ACT,Zay Flowers; Zay Flowers 24,BLT,WR
Zay Jones,"https://static.www.nfl.com/image/upload/f_auto,q_auto/league/qihjjzfk0vwzoyrzztkq",Zay Jones,00-0033891,3059722,44849,WR,AZ,2017,2026,UFA,Zay Jones; Zay Jones 24,ARZ; JAX,WR
